month,station,revenue,opex,is_election_year,political_window,major_sports_event
2017-01-01,ST01,10.153328887490815,7.043834450725435,0,0,0
2017-02-01,ST01,9.849344601590223,6.626190228958508,0,0,0
2017-03-01,ST01,10.667922949069352,7.474543843467215,0,0,0
2017-04-01,ST01,11.220284434185217,7.719628947430209,0,0,0
2017-05-01,ST01,11.890931375030544,8.270137398620037,0,0,0
2017-06-01,ST01,11.714679198502939,8.090335529296913,0,0,0
2017-07-01,ST01,12.285980763759598,8.620060800246572,0,0,0
2017-08-01,ST01,11.511123528366731,7.807203227425434,0,0,0
2017-09-01,ST01,11.118600788662729,7.58642013907503,0,0,1
2017-10-01,ST01,9.98371677563959,7.316842815347811,0,0,0
2017-11-01,ST01,9.91870087224232,6.7927545597663626,0,0,0
2017-12-01,ST01,9.902680183528592,6.80832345397822,0,0,0
2018-01-01,ST01,10.436076890331996,7.60547644666469,1,0,0
2018-02-01,ST01,11.243210594163305,8.362528986446668,1,0,0
2018-03-01,ST01,11.147382498697025,7.652365663445694,1,0,0
2018-04-01,ST01,11.336126055133438,7.909959954591463,1,0,0
2018-05-01,ST01,11.400354012399161,8.068540611664957,1,0,0
2018-06-01,ST01,13.212165449998924,9.60849942762044,1,0,1
2018-07-01,ST01,11.906351050460056,8.204294777310041,1,0,0
2018-08-01,ST01,11.584064691361034,8.102989947827561,1,0,0
2018-09-01,ST01,16.39374954477269,11.703027946781566,1,1,0
2018-10-01,ST01,15.573014465200359,11.042126507140136,1,1,0
2018-11-01,ST01,15.220353327097898,10.618548553191074,1,1,0
2018-12-01,ST01,9.823626908954855,6.886966258024295,1,0,0
2019-01-01,ST01,9.918752631728712,6.780592186654952,0,0,0
2019-02-01,ST01,10.140028759625562,7.09390744584747,0,0,0
2019-03-01,ST01,10.584423688931567,7.4006053108896666,0,0,0
2019-04-01,ST01,11.65228514890043,8.228924229080125,0,0,0
2019-05-01,ST01,12.3072036540733,8.55517533982138,0,0,0
2019-06-01,ST01,13.183095723879394,9.354357632543904,0,0,0
2019-07-01,ST01,13.142532484051316,9.425567868160464,0,0,1
2019-08-01,ST01,12.222099024031868,8.618144487690733,0,0,0
2019-09-01,ST01,11.717281785287433,8.294524980074824,0,0,1
2019-10-01,ST01,10.174039531219629,7.159371555737126,0,0,0
2019-11-01,ST01,9.774662603261152,6.871040897766889,0,0,0
2019-12-01,ST01,9.680034062466987,6.706313853910062,0,0,0
2020-01-01,ST01,10.730136343935332,7.590416998599511,1,0,0
2020-02-01,ST01,10.329992795047843,7.247265966712859,1,0,0
2020-03-01,ST01,11.561840650809435,8.467550046019001,1,0,0
2020-04-01,ST01,12.361897297909723,8.963147336682681,1,0,1
2020-05-01,ST01,13.573404665674204,9.61495768548997,1,0,1
2020-06-01,ST01,12.815298344553286,8.87094365457983,1,0,0
2020-07-01,ST01,12.44070836863997,8.550543989476749,1,0,0
2020-08-01,ST01,11.999244732724307,8.63572408494402,1,0,0
2020-09-01,ST01,16.77531563883267,11.854055619211275,1,1,0
2020-10-01,ST01,16.136841922082453,11.452205836609334,1,1,0
2020-11-01,ST01,15.122582147323232,10.259401329722904,1,1,0
2020-12-01,ST01,9.644925631918673,6.905589157447126,1,0,0
2021-01-01,ST01,9.81473388410035,6.961899831020206,0,0,0
2021-02-01,ST01,11.416508758666248,7.846925804815982,0,0,1
2021-03-01,ST01,11.952581544132403,8.32274701510892,0,0,0
2021-04-01,ST01,12.166622221030023,8.597548751301169,0,0,0
2021-05-01,ST01,12.577627872840633,8.850631278133779,0,0,0
2021-06-01,ST01,12.9287908181991,9.035095002821807,0,0,0
2021-07-01,ST01,13.142692105105395,9.219439941242268,0,0,0
2021-08-01,ST01,12.966557355432647,9.068814720306296,0,0,1
2021-09-01,ST01,11.337367437928275,7.993838512993294,0,0,0
2021-10-01,ST01,11.159085461764416,8.075052997062892,0,0,0
2021-11-01,ST01,10.438505161520181,6.961006697075364,0,0,0
2021-12-01,ST01,10.59760826450834,7.4142246955235915,0,0,0
2022-01-01,ST01,10.382690884098967,7.324203740842441,1,0,0
2022-02-01,ST01,10.444266967977759,7.38518502571572,1,0,0
2022-03-01,ST01,11.071894069373185,7.725017353125928,1,0,0
2022-04-01,ST01,12.857090369643307,8.720261896031065,1,0,0
2022-05-01,ST01,13.430634583646977,9.502900607780157,1,0,0
2022-06-01,ST01,13.678547729925297,9.947415132762652,1,0,1
2022-07-01,ST01,13.417007304656414,9.14206062014332,1,0,1
2022-08-01,ST01,12.836810276660234,9.179439952619768,1,0,0
2022-09-01,ST01,17.01351078067146,11.880945833489458,1,1,0
2022-10-01,ST01,16.077654731294526,11.28781126922931,1,1,0
2022-11-01,ST01,15.822169900315243,10.88787292616405,1,1,0
2022-12-01,ST01,10.127292155319523,7.071288474194927,1,0,0
2023-01-01,ST01,10.444239433811534,7.532594394088817,0,0,0
2023-02-01,ST01,10.914570794714775,7.76172597132314,0,0,0
2023-03-01,ST01,11.797893421373987,8.580574651008611,0,0,0
2023-04-01,ST01,12.915463209729905,9.292623176476027,0,0,0
2023-05-01,ST01,12.95311904498627,9.185262907973959,0,0,0
2023-06-01,ST01,13.372062928145397,9.727648760611698,0,0,0
2023-07-01,ST01,12.924664966100973,9.165068674510751,0,0,1
2023-08-01,ST01,13.169133230381828,9.410444381432557,0,0,1
2023-09-01,ST01,11.449371967061474,8.000516723771884,0,0,0
2023-10-01,ST01,10.648096616028658,7.49496541797334,0,0,0
2023-11-01,ST01,10.267950262355354,7.117105271946501,0,0,0
2023-12-01,ST01,10.262471456086494,7.356706856755665,0,0,0
2024-01-01,ST01,10.856076285959823,7.451363885494286,1,0,0
2024-02-01,ST01,10.65268946406138,7.605400432024872,1,0,0
2024-03-01,ST01,11.824290000376443,8.280107177790999,1,0,0
2024-04-01,ST01,12.3520028945355,8.886145226747885,1,0,0
2024-05-01,ST01,12.937305101838657,9.230757117164547,1,0,0
2024-06-01,ST01,14.465329211028529,10.538557431115233,1,0,1
2024-07-01,ST01,13.301689409268068,9.486987271491406,1,0,0
2024-08-01,ST01,13.086133274180332,8.90958616668872,1,0,0
2024-09-01,ST01,17.745127793010493,12.45710768392504,1,1,0
2024-10-01,ST01,16.51451220640563,11.3366474980582,1,1,0
2024-11-01,ST01,15.908661116380705,11.066962544332872,1,1,0
2024-12-01,ST01,10.56041625476633,7.64773735337135,1,0,0
2025-01-01,ST01,10.742279848965046,7.647491956135591,0,0,0
2025-02-01,ST01,10.854935733795415,7.5237372169282635,0,0,0
2025-03-01,ST01,11.979690117264555,8.250306608572002,0,0,0
2025-04-01,ST01,12.76270349239794,8.977333372276322,0,0,0
2025-05-01,ST01,14.211411369369705,9.746746074625868,0,0,0
2025-06-01,ST01,14.173925669541807,9.829722284268037,0,0,0
2025-07-01,ST01,12.89923621177299,9.12400846969426,0,0,0
2025-08-01,ST01,13.378380999357566,9.621533995444244,0,0,1
2025-09-01,ST01,11.486707251984795,8.172807741116356,0,0,0
2025-10-01,ST01,11.78303120398388,7.9032319234015125,0,0,1
2025-11-01,ST01,10.887725068037716,7.700037716835508,0,0,0
2025-12-01,ST01,10.98543975327056,7.733261516507719,0,0,0
2017-01-01,ST02,5.371777926557653,3.6929882503635434,0,0,0
2017-02-01,ST02,5.559875241347358,3.8501852502405325,0,0,0
2017-03-01,ST02,6.701103201921962,4.717783032899975,0,0,1
2017-04-01,ST02,7.42064177532555,5.266735009821663,0,0,1
2017-05-01,ST02,7.767971897860577,5.48223498853455,0,0,1
2017-06-01,ST02,6.716225432224262,4.662625078635901,0,0,0
2017-07-01,ST02,6.6505852439002116,4.773261539960061,0,0,0
2017-08-01,ST02,6.573225225814657,4.702837350385143,0,0,0
2017-09-01,ST02,5.86601942862834,4.122499436619509,0,0,0
2017-10-01,ST02,5.725051996395168,3.9836111421480336,0,0,0
2017-11-01,ST02,5.409662661701488,3.8557942121483735,0,0,0
2017-12-01,ST02,5.3770262559445605,3.805202974839266,0,0,0
2018-01-01,ST02,5.298628064488683,3.6274833796749317,1,0,0
2018-02-01,ST02,5.43932739191761,3.8296610957190107,1,0,0
2018-03-01,ST02,5.709194415863851,4.046233275300675,1,0,0
2018-04-01,ST02,6.24853691656498,4.326119795897093,1,0,0
2018-05-01,ST02,7.434499554135547,5.261427495140481,1,0,1
2018-06-01,ST02,6.796697183709867,4.652431893373704,1,0,0
2018-07-01,ST02,7.16481742839762,5.186384834485688,1,0,0
2018-08-01,ST02,6.730213243093906,4.863415023178555,1,0,0
2018-09-01,ST02,8.42741914871634,5.911554716714802,1,1,0
2018-10-01,ST02,8.164424769375247,5.79798531747238,1,1,0
2018-11-01,ST02,7.6720624437804,5.1483084111133826,1,1,0
2018-12-01,ST02,5.401958916656378,3.7204495344939734,1,0,0
2019-01-01,ST02,5.589197419458132,3.9173845547684287,0,0,0
2019-02-01,ST02,5.950075903177732,4.10501547470749,0,0,0
2019-03-01,ST02,6.162580872284297,4.406866587047702,0,0,0
2019-04-01,ST02,6.822723885831354,5.002355700512151,0,0,0
2019-05-01,ST02,6.662059446274549,4.586405000249741,0,0,0
2019-06-01,ST02,7.825329511827589,5.424665036535498,0,0,1
2019-07-01,ST02,7.463377792367906,5.286664112958054,0,0,0
2019-08-01,ST02,6.705097546856599,4.879601559092244,0,0,0
2019-09-01,ST02,7.294914444380075,5.017378554022609,0,0,1
2019-10-01,ST02,5.944422051296764,4.211854712118374,0,0,0
2019-11-01,ST02,5.760101243146076,4.208956338011188,0,0,0
2019-12-01,ST02,6.205767438989888,4.2306995373438205,0,0,1
2020-01-01,ST02,5.653044760337543,3.883436269383996,1,0,0
2020-02-01,ST02,5.831795711722374,4.076742127598527,1,0,0
2020-03-01,ST02,6.446257409508382,4.4974690112997555,1,0,0
2020-04-01,ST02,6.585508338510088,4.718421589181796,1,0,0
2020-05-01,ST02,7.191688064964729,5.094843279047298,1,0,0
2020-06-01,ST02,7.399809548290056,5.031866727091715,1,0,0
2020-07-01,ST02,7.154128536982505,5.095849981365245,1,0,0
2020-08-01,ST02,6.7485134041786115,4.702929764895426,1,0,0
2020-09-01,ST02,9.824152632065024,7.102841081737697,1,1,1
2020-10-01,ST02,8.410858034960748,5.8554551773061565,1,1,0
2020-11-01,ST02,8.248114207609138,5.741106535142266,1,1,0
2020-12-01,ST02,5.378884925240664,3.833303665037038,1,0,0
2021-01-01,ST02,5.747436243991572,4.113929294606885,0,0,0
2021-02-01,ST02,6.443689345578029,4.583691846977736,0,0,1
2021-03-01,ST02,6.21062068167628,4.231044855729527,0,0,0
2021-04-01,ST02,7.187105780472038,5.121632275193722,0,0,0
2021-05-01,ST02,7.396863931991386,5.1071138035476995,0,0,0
2021-06-01,ST02,8.011290680348642,5.674757313460602,0,0,1
2021-07-01,ST02,6.902990933550243,4.728217399576328,0,0,0
2021-08-01,ST02,7.1405000038298985,5.079186296620025,0,0,1
2021-09-01,ST02,6.464192052428211,4.483912304405368,0,0,0
2021-10-01,ST02,7.35400969804535,5.051775024133993,0,0,1
2021-11-01,ST02,5.986149186427432,4.280651496974324,0,0,0
2021-12-01,ST02,5.7155840202059185,4.049118337628186,0,0,0
2022-01-01,ST02,6.012423007112657,4.186871130658405,1,0,0
2022-02-01,ST02,5.939369873725299,4.308952545526223,1,0,0
2022-03-01,ST02,7.350420585517239,5.136576730180876,1,0,1
2022-04-01,ST02,7.8888902412635575,5.565455594600126,1,0,1
2022-05-01,ST02,8.189047613010892,5.804554644763406,1,0,1
2022-06-01,ST02,7.653308965588545,5.328920971015007,1,0,0
2022-07-01,ST02,7.457663104515275,5.30740039716198,1,0,0
2022-08-01,ST02,7.242209122382787,5.051480399078383,1,0,0
2022-09-01,ST02,9.238936568776781,6.460077902658127,1,1,0
2022-10-01,ST02,9.73199419175249,7.048313474340756,1,1,1
2022-11-01,ST02,8.726609431457844,6.024454925710183,1,1,0
2022-12-01,ST02,5.762020114803066,3.8663495135311936,1,0,0
2023-01-01,ST02,5.892278250581665,4.288061453667778,0,0,0
2023-02-01,ST02,6.6159433245630845,4.902244321561248,0,0,0
2023-03-01,ST02,6.739659519929505,4.713130917429337,0,0,0
2023-04-01,ST02,8.334377022153753,5.6483485836534335,0,0,1
2023-05-01,ST02,7.4087567512164245,5.190941235409358,0,0,0
2023-06-01,ST02,8.847723130901619,6.202178968082758,0,0,1
2023-07-01,ST02,7.56357610863258,5.312273138221616,0,0,0
2023-08-01,ST02,7.302439919269063,5.033776652924662,0,0,0
2023-09-01,ST02,7.169087815149184,5.112990274922577,0,0,0
2023-10-01,ST02,6.377635263654605,4.543575779721874,0,0,0
2023-11-01,ST02,5.982828301694179,4.091988267555986,0,0,0
2023-12-01,ST02,5.974825582167381,4.271322073131651,0,0,0
2024-01-01,ST02,6.261112115086953,4.595477313744189,1,0,0
2024-02-01,ST02,6.1860051818520185,4.3763027580319065,1,0,0
2024-03-01,ST02,7.0490029527633835,4.936212065073391,1,0,0
2024-04-01,ST02,7.225232932994941,5.0795201533447285,1,0,0
2024-05-01,ST02,7.9247529827114755,5.655919089069332,1,0,0
2024-06-01,ST02,8.128083243700184,5.532168617470434,1,0,1
2024-07-01,ST02,7.504996631025734,5.308625061464165,1,0,0
2024-08-01,ST02,7.875107919244716,5.508808674508854,1,0,1
2024-09-01,ST02,9.590525213098124,7.011467798761156,1,1,0
2024-10-01,ST02,9.241856784305766,6.4930651725149575,1,1,0
2024-11-01,ST02,8.74407897220119,6.370459913230202,1,1,0
2024-12-01,ST02,6.846600190473923,4.720484905116364,1,0,1
2025-01-01,ST02,6.270993435304466,4.473150451983729,0,0,0
2025-02-01,ST02,6.661164929824082,4.726304005171336,0,0,0
2025-03-01,ST02,6.841429408322997,4.73956022265454,0,0,0
2025-04-01,ST02,7.6492163854256265,5.412040985114985,0,0,0
2025-05-01,ST02,7.9687978664944366,5.75446505683192,0,0,0
2025-06-01,ST02,8.031869856218046,5.626017930281186,0,0,0
2025-07-01,ST02,8.877832364778628,6.047311547799435,0,0,1
2025-08-01,ST02,7.6062369056165755,5.360722006398613,0,0,0
2025-09-01,ST02,7.558893915302964,5.233043189499018,0,0,0
2025-10-01,ST02,6.689819928522849,4.684213484994168,0,0,0
2025-11-01,ST02,6.345250699836627,4.466276011442331,0,0,0
2025-12-01,ST02,6.1570745615007585,4.192824919449946,0,0,0
2017-01-01,ST03,11.890986529647096,8.340357082894387,0,0,0
2017-02-01,ST03,12.552597352404979,8.818593322267018,0,0,0
2017-03-01,ST03,12.845226981441392,9.279223431731188,0,0,0
2017-04-01,ST03,14.25380003556158,10.492507359998639,0,0,0
2017-05-01,ST03,14.704944309943405,10.470517256040806,0,0,0
2017-06-01,ST03,14.318560368972902,9.76955971183292,0,0,0
2017-07-01,ST03,14.673048983864089,10.179563681012302,0,0,0
2017-08-01,ST03,14.085427133256463,9.948119099207792,0,0,0
2017-09-01,ST03,14.046546531892774,9.976209094260927,0,0,0
2017-10-01,ST03,12.871784066443647,9.169476349620103,0,0,0
2017-11-01,ST03,11.960873162757817,8.597366496649771,0,0,0
2017-12-01,ST03,11.836818689322742,8.448630134635094,0,0,0
2018-01-01,ST03,11.986661211577202,8.789940355351959,1,0,0
2018-02-01,ST03,12.488419571385293,8.848368216399486,1,0,0
2018-03-01,ST03,12.940427897415297,9.133997158911813,1,0,0
2018-04-01,ST03,14.12123553388446,10.239528003723818,1,0,0
2018-05-01,ST03,14.451090734943609,10.06052536797679,1,0,0
2018-06-01,ST03,14.443123494810695,10.454430867524682,1,0,0
2018-07-01,ST03,15.026191844302392,10.81449778923962,1,0,0
2018-08-01,ST03,14.385575664412594,10.301779689690163,1,0,0
2018-09-01,ST03,19.718016323100137,14.61207210192406,1,1,0
2018-10-01,ST03,19.175920185653535,13.601457641793873,1,1,0
2018-11-01,ST03,19.797088414346433,14.804902205459099,1,1,1
2018-12-01,ST03,12.207687002417568,8.728476743401977,1,0,0
2019-01-01,ST03,12.425868817045988,8.696774473289281,0,0,0
2019-02-01,ST03,12.667895890139748,9.111270670989237,0,0,0
2019-03-01,ST03,13.127144501861892,9.225451201173724,0,0,0
2019-04-01,ST03,15.128628578390456,10.702565170863888,0,0,1
2019-05-01,ST03,15.039444630120157,10.88765473043162,0,0,0
2019-06-01,ST03,16.666735545875287,12.103674302566278,0,0,1
2019-07-01,ST03,16.842992133217,11.946724133234145,0,0,1
2019-08-01,ST03,14.790647133898936,10.832972872484735,0,0,0
2019-09-01,ST03,14.69949213689849,10.80212698147984,0,0,1
2019-10-01,ST03,12.237448205936916,9.041868182425926,0,0,0
2019-11-01,ST03,12.008883326539596,8.716546496442994,0,0,0
2019-12-01,ST03,11.991945120347454,8.847920431602283,0,0,0
2020-01-01,ST03,13.17692454338019,9.108147199380957,1,0,1
2020-02-01,ST03,13.687148493870467,9.768107614698032,1,0,1
2020-03-01,ST03,13.665331800342075,9.644750250892123,1,0,0
2020-04-01,ST03,15.48416070325216,11.147810907386745,1,0,1
2020-05-01,ST03,14.70673125638207,10.442190284059832,1,0,0
2020-06-01,ST03,15.358383947576169,10.994296925195583,1,0,0
2020-07-01,ST03,14.825449410026753,11.049016181122493,1,0,0
2020-08-01,ST03,14.523217970528615,10.395700378833032,1,0,0
2020-09-01,ST03,20.834786894801905,15.088150237303532,1,1,0
2020-10-01,ST03,20.22558274729981,14.45927277328548,1,1,1
2020-11-01,ST03,19.532657860125497,14.05031484671087,1,1,1
2020-12-01,ST03,12.51435216042376,8.989348192322824,1,0,0
2021-01-01,ST03,12.916187285625798,9.360060288457007,0,0,1
2021-02-01,ST03,12.014886867199053,8.830653494290347,0,0,0
2021-03-01,ST03,12.893511080153354,9.565709329065436,0,0,0
2021-04-01,ST03,14.496603888491174,10.476467717968031,0,0,0
2021-05-01,ST03,15.10675661229582,10.978160883559699,0,0,0
2021-06-01,ST03,15.267261299473192,10.71311063586108,0,0,0
2021-07-01,ST03,15.660417803190025,11.228117755157951,0,0,0
2021-08-01,ST03,13.353059422722461,9.771016784632135,0,0,0
2021-09-01,ST03,13.865978923252902,10.131539082087277,0,0,0
2021-10-01,ST03,13.49210249914882,9.731534926076609,0,0,0
2021-11-01,ST03,11.877228964162356,8.681891893992512,0,0,0
2021-12-01,ST03,11.941837228505605,8.661252147539194,0,0,0
2022-01-01,ST03,12.029185175093284,8.847210048045769,1,0,0
2022-02-01,ST03,12.571187550206563,9.081340847807445,1,0,0
2022-03-01,ST03,13.615551607870549,9.709619607044278,1,0,0
2022-04-01,ST03,16.5433411335116,11.9618437645936,1,0,1
2022-05-01,ST03,16.034006542645116,10.841224549380497,1,0,0
2022-06-01,ST03,15.270959529383592,11.052154158351197,1,0,0
2022-07-01,ST03,16.083111968956075,10.708589345791532,1,0,0
2022-08-01,ST03,15.970608257761654,11.075290643001248,1,0,1
2022-09-01,ST03,22.998296183846673,16.667467887329718,1,1,1
2022-10-01,ST03,19.723381795894397,14.301350175841515,1,1,0
2022-11-01,ST03,20.029094363622423,14.051184598238626,1,1,1
2022-12-01,ST03,12.295407130758235,8.705240615970343,1,0,0
2023-01-01,ST03,14.707603800683799,10.853095653396558,0,0,1
2023-02-01,ST03,14.529082735172308,10.334299791284609,0,0,1
2023-03-01,ST03,13.550243381920003,10.168856305914778,0,0,0
2023-04-01,ST03,15.109744463925367,10.851955823554894,0,0,0
2023-05-01,ST03,15.133879338114411,10.95841174878901,0,0,0
2023-06-01,ST03,15.30334249308659,11.34685669409374,0,0,0
2023-07-01,ST03,15.734744487391088,11.330885914886988,0,0,0
2023-08-01,ST03,16.077319914413824,11.315832942941498,0,0,1
2023-09-01,ST03,14.006998390973756,10.03826194824833,0,0,0
2023-10-01,ST03,13.070286587266917,9.380873134495298,0,0,0
2023-11-01,ST03,12.587166836447377,8.793804066000177,0,0,0
2023-12-01,ST03,12.40075252757961,8.861102916750275,0,0,0
2024-01-01,ST03,11.750423937292442,8.314309469637678,1,0,0
2024-02-01,ST03,13.356058203227223,9.770154526165802,1,0,0
2024-03-01,ST03,13.527215624947054,9.722467882968681,1,0,0
2024-04-01,ST03,14.142773197558387,10.100406319119251,1,0,0
2024-05-01,ST03,15.376568921968406,11.020562134526822,1,0,0
2024-06-01,ST03,15.676045081498248,11.309353500340489,1,0,0
2024-07-01,ST03,15.099994831367157,10.979161543267237,1,0,0
2024-08-01,ST03,15.184917680074372,10.688300160224554,1,0,0
2024-09-01,ST03,20.731760639561525,14.58011942075727,1,1,0
2024-10-01,ST03,19.867786763750374,14.585043404109973,1,1,0
2024-11-01,ST03,18.883050838294285,13.450653148992826,1,1,0
2024-12-01,ST03,12.310003415515611,8.590955770696166,1,0,0
2025-01-01,ST03,12.664521013296396,9.176862881566189,0,0,0
2025-02-01,ST03,12.78383386393579,9.266909789430235,0,0,0
2025-03-01,ST03,15.621422363945422,10.87638957336205,0,0,1
2025-04-01,ST03,16.272704193152947,11.74129489657982,0,0,1
2025-05-01,ST03,14.62700074812362,10.660203829771405,0,0,0
2025-06-01,ST03,16.2582528968287,11.764709652192456,0,0,1
2025-07-01,ST03,15.518691628420266,11.28697586427812,0,0,0
2025-08-01,ST03,14.816158804923054,10.342637705289158,0,0,0
2025-09-01,ST03,14.034924158826836,10.147137492642882,0,0,0
2025-10-01,ST03,13.230123980736437,9.444848130281919,0,0,0
2025-11-01,ST03,12.714990282295513,9.044191868916698,0,0,0
2025-12-01,ST03,12.762623327158842,9.326184480807576,0,0,0
2017-01-01,ST04,13.186921738383143,8.67628465622511,0,0,0
2017-02-01,ST04,13.86356752241941,8.87486166159243,0,0,0
2017-03-01,ST04,14.753206326603177,9.502191570938061,0,0,0
2017-04-01,ST04,14.930722195902984,9.514673489944395,0,0,0
2017-05-01,ST04,16.459926707008528,10.076687325403636,0,0,0
2017-06-01,ST04,15.731737859732927,9.889970787338092,0,0,0
2017-07-01,ST04,15.819359985331573,9.856570468330979,0,0,0
2017-08-01,ST04,16.211638383683823,10.008933917446509,0,0,0
2017-09-01,ST04,15.128707644312984,9.546595573030809,0,0,0
2017-10-01,ST04,14.527943671269131,9.640916066030075,0,0,0
2017-11-01,ST04,13.183543203585803,8.515331966480247,0,0,0
2017-12-01,ST04,13.71161364991944,9.093092561671902,0,0,1
2018-01-01,ST04,14.363573748693085,9.362099288407464,1,0,1
2018-02-01,ST04,14.094515852283001,9.254443626607566,1,0,0
2018-03-01,ST04,15.02225700239235,9.53661647288117,1,0,0
2018-04-01,ST04,16.468251649852746,10.757971050052099,1,0,0
2018-05-01,ST04,17.81691989031429,11.686166071151629,1,0,1
2018-06-01,ST04,17.09258333992212,10.922586199291182,1,0,0
2018-07-01,ST04,16.217780033810296,10.601811896013546,1,0,0
2018-08-01,ST04,16.3064738004115,10.661193884947423,1,0,0
2018-09-01,ST04,20.694682689338777,13.23166717881523,1,1,0
2018-10-01,ST04,19.17810558750752,12.119867618821942,1,1,0
2018-11-01,ST04,18.53922730352606,11.701411421168128,1,1,0
2018-12-01,ST04,14.527570882289153,9.408043296258871,1,0,1
2019-01-01,ST04,13.661152739835698,8.889432705212858,0,0,0
2019-02-01,ST04,16.44539262775356,10.463112413694605,0,0,1
2019-03-01,ST04,15.401129713923783,9.961827348116184,0,0,0
2019-04-01,ST04,16.294088017506674,10.654012333487879,0,0,0
2019-05-01,ST04,16.058359416888827,10.509773666967886,0,0,0
2019-06-01,ST04,16.96160306058864,11.30568747291088,0,0,0
2019-07-01,ST04,17.085379762580462,11.32746305065043,0,0,0
2019-08-01,ST04,16.23564857403938,10.285841969696435,0,0,0
2019-09-01,ST04,16.326573668957426,10.910213885321062,0,0,0
2019-10-01,ST04,14.699086935105928,9.401762315200013,0,0,0
2019-11-01,ST04,14.66191831303617,9.676727095237487,0,0,0
2019-12-01,ST04,13.922468848500293,9.012846072717885,0,0,0
2020-01-01,ST04,14.200819687498,9.104880894115949,1,0,0
2020-02-01,ST04,14.87658150067952,9.269715375727895,1,0,0
2020-03-01,ST04,15.908567762049806,10.24929291838223,1,0,0
2020-04-01,ST04,17.77331709170518,11.131757191925136,1,0,0
2020-05-01,ST04,17.86848953002136,11.775111669741378,1,0,1
2020-06-01,ST04,16.86687445429616,11.234894555516478,1,0,0
2020-07-01,ST04,17.44020732297681,11.095058180541983,1,0,0
2020-08-01,ST04,17.07176827741168,11.103223427708077,1,0,0
2020-09-01,ST04,22.278470947680653,14.193651382140034,1,1,0
2020-10-01,ST04,20.892521409860755,13.336838245353627,1,1,0
2020-11-01,ST04,19.589811793223777,12.860606354133179,1,1,0
2020-12-01,ST04,14.738766744146089,9.520984398866666,1,0,0
2021-01-01,ST04,15.048316874315642,10.066928158398452,0,0,0
2021-02-01,ST04,15.433474522170057,9.881214738195235,0,0,0
2021-03-01,ST04,16.83943016056471,11.103949735766871,0,0,0
2021-04-01,ST04,17.531636313325926,11.355946235953837,0,0,0
2021-05-01,ST04,17.84651570522687,11.721052916451754,0,0,0
2021-06-01,ST04,18.846017888316407,12.074627484888193,0,0,0
2021-07-01,ST04,18.297434183779487,11.81721381507129,0,0,0
2021-08-01,ST04,17.552643251192187,11.321233062578663,0,0,0
2021-09-01,ST04,17.330153655471072,11.016273013645622,0,0,0
2021-10-01,ST04,14.487265431898448,9.489755394888325,0,0,0
2021-11-01,ST04,14.305244450745745,9.368335597344144,0,0,0
2021-12-01,ST04,14.182630827571101,9.27764101109299,0,0,0
2022-01-01,ST04,14.845810062712912,9.892551422405644,1,0,0
2022-02-01,ST04,15.66058877496089,10.41773979464756,1,0,0
2022-03-01,ST04,16.06586625918812,10.308387193928336,1,0,0
2022-04-01,ST04,17.34865852628107,11.299253127574461,1,0,0
2022-05-01,ST04,18.17819167168578,11.605281158806841,1,0,0
2022-06-01,ST04,20.373655567810385,13.177327813641888,1,0,0
2022-07-01,ST04,19.75792342924144,12.619903127511806,1,0,0
2022-08-01,ST04,17.816711310253634,11.891364906338971,1,0,0
2022-09-01,ST04,23.009468605814092,14.983379271806585,1,1,0
2022-10-01,ST04,21.298776288610576,13.709206238362668,1,1,0
2022-11-01,ST04,19.999533136642405,13.237965887782332,1,1,0
2022-12-01,ST04,15.058174931613204,9.312208742848616,1,0,0
2023-01-01,ST04,16.228885942641806,10.069036165779048,0,0,1
2023-02-01,ST04,16.172263056714513,10.621466986036943,0,0,0
2023-03-01,ST04,16.45690324712124,10.651937184647114,0,0,0
2023-04-01,ST04,17.944814576481733,11.65908504038697,0,0,0
2023-05-01,ST04,20.83059476313706,13.109337525468563,0,0,1
2023-06-01,ST04,19.704112654891897,12.732409718406213,0,0,0
2023-07-01,ST04,21.077849980082537,14.172436940962621,0,0,1
2023-08-01,ST04,17.793204220605027,11.692578197089462,0,0,0
2023-09-01,ST04,17.965918598680062,11.65404149089077,0,0,0
2023-10-01,ST04,16.105657376754927,10.320568381098447,0,0,0
2023-11-01,ST04,16.06439325379043,10.303365170249585,0,0,0
2023-12-01,ST04,15.511014292182148,9.600557964443382,0,0,0
2024-01-01,ST04,15.179979157741075,9.864131235327516,1,0,0
2024-02-01,ST04,16.488038582823535,10.839442471395998,1,0,0
2024-03-01,ST04,17.94130247035336,11.23320318811753,1,0,0
2024-04-01,ST04,20.750143120399002,13.237114987661814,1,0,1
2024-05-01,ST04,21.211504216701943,13.395386190949548,1,0,1
2024-06-01,ST04,20.924503276981383,13.266116226019946,1,0,0
2024-07-01,ST04,20.357614745423717,13.174882617589233,1,0,0
2024-08-01,ST04,18.86835143974276,11.689513573364469,1,0,0
2024-09-01,ST04,24.851184522932215,16.26318666964591,1,1,0
2024-10-01,ST04,25.40468835634445,16.67126206551186,1,1,1
2024-11-01,ST04,22.95095652213311,14.762836901132,1,1,0
2024-12-01,ST04,15.334250773070748,9.421457418950556,1,0,0
2025-01-01,ST04,15.794409586963331,10.007296993546007,0,0,0
2025-02-01,ST04,17.839145534240334,11.817036474074653,0,0,0
2025-03-01,ST04,17.628750939470986,10.763451125243547,0,0,0
2025-04-01,ST04,18.57249748242044,11.923308887978916,0,0,0
2025-05-01,ST04,19.889134680336745,12.554494430334026,0,0,0
2025-06-01,ST04,20.779100880655687,13.649448543527082,0,0,0
2025-07-01,ST04,20.205901539102832,12.886349161565356,0,0,0
2025-08-01,ST04,19.121738772246076,12.461707668085115,0,0,0
2025-09-01,ST04,19.580946025578797,12.801863962348296,0,0,1
2025-10-01,ST04,16.99549087767117,11.390758850201369,0,0,0
2025-11-01,ST04,16.151765398795458,10.39942328406713,0,0,0
2025-12-01,ST04,17.443046770786495,11.361403384914038,0,0,0
2017-01-01,ST05,3.593762448075544,2.4283097289154707,0,0,0
2017-02-01,ST05,3.7825515600125237,2.595926579015447,0,0,0
2017-03-01,ST05,3.906612192437366,2.8147470755572197,0,0,0
2017-04-01,ST05,4.061330369933061,2.8252707684227265,0,0,0
2017-05-01,ST05,4.527790314017806,3.2194747250275957,0,0,1
2017-06-01,ST05,4.203329616862695,2.953320582234492,0,0,0
2017-07-01,ST05,4.390681159003593,3.0639602385613514,0,0,0
2017-08-01,ST05,4.178560435688847,3.001774698992478,0,0,0
2017-09-01,ST05,4.163417557231067,2.897699422163114,0,0,1
2017-10-01,ST05,3.3899881474575415,2.2861913177036604,0,0,0
2017-11-01,ST05,3.4156102662710057,2.350166570812328,0,0,0
2017-12-01,ST05,3.8344859684618244,2.7110178957445177,0,0,1
2018-01-01,ST05,3.482313269665091,2.454446147539929,1,0,0
2018-02-01,ST05,3.770174323169215,2.553854276782214,1,0,0
2018-03-01,ST05,3.804907329368158,2.622227360961853,1,0,0
2018-04-01,ST05,4.393394397618787,3.036558406064972,1,0,0
2018-05-01,ST05,4.659807160218243,3.2347870428899808,1,0,1
2018-06-01,ST05,4.494743366154881,3.056681494935022,1,0,0
2018-07-01,ST05,4.70159640749821,3.246509177289897,1,0,0
2018-08-01,ST05,4.415013695905312,3.0424307254853797,1,0,0
2018-09-01,ST05,5.771861422135856,4.098547828878535,1,1,0
2018-10-01,ST05,5.3969245493929305,3.8351456665820813,1,1,0
2018-11-01,ST05,5.413001990413684,3.7742762167628054,1,1,1
2018-12-01,ST05,3.568943623452927,2.476195276246891,1,0,0
2019-01-01,ST05,3.5704699537406985,2.50381876473772,0,0,0
2019-02-01,ST05,3.7152647438214825,2.555655830153554,0,0,0
2019-03-01,ST05,4.4428554074518365,3.0356293530530514,0,0,1
2019-04-01,ST05,4.230922770008426,2.9030500055564863,0,0,0
2019-05-01,ST05,4.7295497270582185,3.2653851564145175,0,0,0
2019-06-01,ST05,4.503967844420169,3.076336787259352,0,0,0
2019-07-01,ST05,4.95989765936548,3.479700841115311,0,0,1
2019-08-01,ST05,4.302383914252348,3.0525685290777376,0,0,0
2019-09-01,ST05,4.13455512524315,2.7995210237596906,0,0,0
2019-10-01,ST05,3.947182647481302,2.7616540296112198,0,0,1
2019-11-01,ST05,3.75126461816052,2.6117222343879503,0,0,1
2019-12-01,ST05,3.59214244385334,2.5291443070655566,0,0,0
2020-01-01,ST05,3.7174663555214167,2.5989533541492413,1,0,0
2020-02-01,ST05,3.7944439324810575,2.576315281160026,1,0,0
2020-03-01,ST05,3.8787386195257736,2.643921656008762,1,0,0
2020-04-01,ST05,4.104692371301014,2.8721025754844183,1,0,0
2020-05-01,ST05,4.268648480029357,3.0464876276310564,1,0,0
2020-06-01,ST05,4.287421391348543,2.865424563101072,1,0,0
2020-07-01,ST05,4.774867782407006,3.362155504785057,1,0,1
2020-08-01,ST05,4.435419772816334,3.175488058931274,1,0,0
2020-09-01,ST05,5.899961104595409,4.113218514827371,1,1,0
2020-10-01,ST05,5.292783579768563,3.741974890459136,1,1,0
2020-11-01,ST05,5.274431350448487,3.636548294188824,1,1,0
2020-12-01,ST05,3.5539382348701998,2.479337630599418,1,0,0
2021-01-01,ST05,4.108026686405187,2.779615679595642,0,0,1
2021-02-01,ST05,3.6529043125982454,2.4347063456134745,0,0,0
2021-03-01,ST05,4.018712176802798,2.863276283678307,0,0,0
2021-04-01,ST05,4.533903959370337,3.1081015603042235,0,0,0
2021-05-01,ST05,4.5555144101316545,3.1566502355344475,0,0,0
2021-06-01,ST05,4.6403948443305225,3.1550494791847905,0,0,0
2021-07-01,ST05,4.516184317582947,3.069111463170997,0,0,0
2021-08-01,ST05,4.652700595977633,3.242323751889012,0,0,1
2021-09-01,ST05,4.177573704605041,2.878751936328235,0,0,0
2021-10-01,ST05,3.746650618327727,2.639840585013487,0,0,0
2021-11-01,ST05,3.7593463200031416,2.6527064337622024,0,0,0
2021-12-01,ST05,3.4512219034383067,2.428928230503401,0,0,0
2022-01-01,ST05,3.703759729670476,2.602400739778297,1,0,0
2022-02-01,ST05,3.8705519482523085,2.7920891428760495,1,0,0
2022-03-01,ST05,4.022535281815113,2.752898934247394,1,0,0
2022-04-01,ST05,4.344069199138849,3.0344721204047587,1,0,0
2022-05-01,ST05,4.44548771536443,3.1791563494190083,1,0,0
2022-06-01,ST05,4.451183129745109,3.191437608858294,1,0,0
2022-07-01,ST05,4.487849028641837,3.049115077344255,1,0,0
2022-08-01,ST05,4.501637303485746,3.1283313265119297,1,0,1
2022-09-01,ST05,6.3060631017396425,4.529614813155643,1,1,1
2022-10-01,ST05,5.50510059184853,3.888838826485766,1,1,0
2022-11-01,ST05,5.457471050365239,3.8313163071731196,1,1,0
2022-12-01,ST05,3.4990116590274645,2.436207713330374,1,0,0
2023-01-01,ST05,3.6334524909205044,2.521371331396082,0,0,0
2023-02-01,ST05,4.063321248336923,2.857861960967465,0,0,1
2023-03-01,ST05,4.294440123807789,2.98794600128908,0,0,0
2023-04-01,ST05,4.424289293852489,3.0912730195515965,0,0,0
2023-05-01,ST05,4.536349117736805,3.1772579248933353,0,0,0
2023-06-01,ST05,4.704160538493739,3.2450098290178264,0,0,0
2023-07-01,ST05,4.2822507509203716,3.0264501627179174,0,0,0
2023-08-01,ST05,4.386481264375604,3.2462556072714737,0,0,0
2023-09-01,ST05,4.394676629060496,2.96397886381673,0,0,0
2023-10-01,ST05,3.915426282039532,2.755802860219057,0,0,0
2023-11-01,ST05,3.973220494705877,2.7362316860014757,0,0,1
2023-12-01,ST05,3.715807230743117,2.6284730640918874,0,0,0
2024-01-01,ST05,4.070805892019365,2.8493673057585047,1,0,1
2024-02-01,ST05,3.6756490186523005,2.6095483629050005,1,0,0
2024-03-01,ST05,3.9521169428066214,2.82869270416085,1,0,0
2024-04-01,ST05,4.442584735874638,3.118657618084145,1,0,0
2024-05-01,ST05,4.501937979093312,3.2194861796992855,1,0,0
2024-06-01,ST05,4.854423195472035,3.235536770247215,1,0,0
2024-07-01,ST05,4.562924498796431,3.292353439103817,1,0,0
2024-08-01,ST05,4.169149611354776,2.9373581860782507,1,0,0
2024-09-01,ST05,5.928784473361479,4.235376746891917,1,1,0
2024-10-01,ST05,5.401921026842498,3.6854028393535874,1,1,0
2024-11-01,ST05,5.4356877272617075,3.7380210312974635,1,1,0
2024-12-01,ST05,3.66297874431234,2.56899934521104,1,0,0
2025-01-01,ST05,3.953435850466861,2.7636975861399917,0,0,1
2025-02-01,ST05,4.067491766735687,2.860502217939351,0,0,0
2025-03-01,ST05,4.344920057957256,3.1043086803895967,0,0,0
2025-04-01,ST05,4.425846575001767,2.9857296920202145,0,0,0
2025-05-01,ST05,4.33897531902441,3.0933437645944575,0,0,0
2025-06-01,ST05,4.793508857812474,3.352658367262974,0,0,0
2025-07-01,ST05,4.719070512534607,3.2865985590935596,0,0,0
2025-08-01,ST05,4.501265881365805,3.055123781023115,0,0,0
2025-09-01,ST05,4.334049816435718,3.061296024761913,0,0,0
2025-10-01,ST05,3.821601922918255,2.5434165673375673,0,0,0
2025-11-01,ST05,4.004963007162109,2.8369914121127056,0,0,0
2025-12-01,ST05,3.6050630253006393,2.4457897247899627,0,0,0
2017-01-01,ST06,4.875287337296069,3.1203086768520762,0,0,0
2017-02-01,ST06,5.0529788716191435,3.1874995158176347,0,0,0
2017-03-01,ST06,5.556058982848262,3.49560550579039,0,0,0
2017-04-01,ST06,5.993301000758267,3.7431622789957006,0,0,0
2017-05-01,ST06,5.672960039374258,3.6062487519749995,0,0,0
2017-06-01,ST06,5.961838203938161,3.7114161218541266,0,0,0
2017-07-01,ST06,5.666507575398149,3.5706625247604373,0,0,0
2017-08-01,ST06,5.51777300946814,3.5209842362463215,0,0,0
2017-09-01,ST06,5.237830848683093,3.2481498767159596,0,0,0
2017-10-01,ST06,4.867424936030454,3.015128530480876,0,0,0
2017-11-01,ST06,4.648524507731797,2.845817770183249,0,0,0
2017-12-01,ST06,4.701328918703468,2.88580450662538,0,0,0
2018-01-01,ST06,4.640270894878294,2.8038607896868113,1,0,0
2018-02-01,ST06,5.1884112009910766,3.3015644790526264,1,0,0
2018-03-01,ST06,5.244072046155145,3.4079651234340824,1,0,0
2018-04-01,ST06,6.208193400789807,4.004647688309889,1,0,0
2018-05-01,ST06,5.891867830357246,3.5750838833911196,1,0,0
2018-06-01,ST06,6.0828878662194805,3.870371211087423,1,0,0
2018-07-01,ST06,6.297912531282916,4.062267192731737,1,0,1
2018-08-01,ST06,6.058613263660252,3.7651232446969063,1,0,0
2018-09-01,ST06,7.816412317826845,4.912241748980948,1,1,0
2018-10-01,ST06,7.23297720412897,4.354205395907033,1,1,0
2018-11-01,ST06,6.664887257587433,4.202381667175844,1,1,0
2018-12-01,ST06,4.846888946294574,2.975208748951602,1,0,0
2019-01-01,ST06,4.747206121870799,2.9892390508515883,0,0,0
2019-02-01,ST06,5.388146570740771,3.2738196346615283,0,0,0
2019-03-01,ST06,5.633656093463733,3.57167659898362,0,0,0
2019-04-01,ST06,5.856367757145126,3.748255656228197,0,0,0
2019-05-01,ST06,5.646285146030657,3.485767017730042,0,0,0
2019-06-01,ST06,6.007649404518763,3.6822001743010047,0,0,0
2019-07-01,ST06,6.237411758242934,3.743291824556571,0,0,0
2019-08-01,ST06,6.091531675926827,3.8001285170424595,0,0,0
2019-09-01,ST06,6.237584825338535,3.8665817507455653,0,0,1
2019-10-01,ST06,4.979379268452781,3.0260900591991495,0,0,0
2019-11-01,ST06,5.037987012294972,3.188351532678523,0,0,0
2019-12-01,ST06,5.060750518609022,3.1454359436634602,0,0,0
2020-01-01,ST06,4.759695210769918,2.9209588806315208,1,0,0
2020-02-01,ST06,5.734288106401641,3.5565395683237933,1,0,1
2020-03-01,ST06,5.653797550228473,3.6219229170447065,1,0,0
2020-04-01,ST06,5.899976454179868,3.744967047224966,1,0,0
2020-05-01,ST06,6.423020944296195,4.017912530713799,1,0,1
2020-06-01,ST06,6.249119669284695,3.9678505155047477,1,0,0
2020-07-01,ST06,6.168917904298378,3.779188332904143,1,0,0
2020-08-01,ST06,6.503262034175698,4.081354591872173,1,0,1
2020-09-01,ST06,7.839394357535884,4.9311959338395575,1,1,0
2020-10-01,ST06,7.399963302372898,4.59749564039796,1,1,0
2020-11-01,ST06,7.126917271858613,4.508786675940427,1,1,0
2020-12-01,ST06,5.072257745139711,3.1315625971161993,1,0,0
2021-01-01,ST06,5.058673505958805,3.2050475406006074,0,0,0
2021-02-01,ST06,5.298053623296766,3.3595064344999046,0,0,0
2021-03-01,ST06,5.731156391703702,3.3847524445461232,0,0,0
2021-04-01,ST06,5.71807589782853,3.6716361509730713,0,0,0
2021-05-01,ST06,6.419646403591291,3.7808600438061397,0,0,0
2021-06-01,ST06,6.431177328867985,3.9838072356461716,0,0,0
2021-07-01,ST06,6.926671518068967,4.433355593587831,0,0,1
2021-08-01,ST06,6.281741286154171,3.9147799023941974,0,0,0
2021-09-01,ST06,5.431137147347859,3.3064136858404636,0,0,0
2021-10-01,ST06,5.109778500538364,3.1346463554984307,0,0,0
2021-11-01,ST06,5.228237565847615,3.3463899361690697,0,0,0
2021-12-01,ST06,5.099405140473104,3.07533467285884,0,0,0
2022-01-01,ST06,5.228267021345942,3.3531036756973984,1,0,0
2022-02-01,ST06,5.389344026479514,3.3763622484024345,1,0,0
2022-03-01,ST06,5.9389685020842835,3.635971871911749,1,0,0
2022-04-01,ST06,6.354754572592651,3.939092201287784,1,0,0
2022-05-01,ST06,6.541464260525399,4.01920689486954,1,0,0
2022-06-01,ST06,6.5005231836012785,4.147628210979531,1,0,0
2022-07-01,ST06,6.058687354923406,3.8555486446402343,1,0,0
2022-08-01,ST06,6.3633443817517,3.8537384269877384,1,0,0
2022-09-01,ST06,8.979927196928507,5.586567329589859,1,1,1
2022-10-01,ST06,7.861290343593331,4.845324097266476,1,1,0
2022-11-01,ST06,7.263847369805595,4.673595560677923,1,1,0
2022-12-01,ST06,5.300190257741656,3.2344125826295658,1,0,0
2023-01-01,ST06,5.434897917836036,3.5180230815535096,0,0,0
2023-02-01,ST06,5.826551360250637,3.6518614412223274,0,0,0
2023-03-01,ST06,5.7746338488427655,3.5375688786527815,0,0,0
2023-04-01,ST06,6.818552139515456,4.218530895973676,0,0,1
2023-05-01,ST06,7.303633762643697,4.507251572976378,0,0,1
2023-06-01,ST06,7.2830802446160305,4.451356143085375,0,0,1
2023-07-01,ST06,6.365639432649277,3.9999716552430105,0,0,0
2023-08-01,ST06,6.981538116492127,4.271146118132519,0,0,1
2023-09-01,ST06,6.625690543160611,3.9742885224926106,0,0,1
2023-10-01,ST06,5.648540087425437,3.515748542731626,0,0,0
2023-11-01,ST06,5.413895974145098,3.2730542802053604,0,0,0
2023-12-01,ST06,5.248802047923593,3.242420766916363,0,0,0
2024-01-01,ST06,5.633772423813772,3.469143518112252,1,0,0
2024-02-01,ST06,5.514248786513627,3.3981642696546235,1,0,0
2024-03-01,ST06,5.931710954652087,3.8691303922783895,1,0,0
2024-04-01,ST06,6.412002514062222,4.0260150618686446,1,0,0
2024-05-01,ST06,6.861678071258442,4.32462440062519,1,0,0
2024-06-01,ST06,6.487657397679395,3.9243664089175008,1,0,0
2024-07-01,ST06,6.441615545891666,3.987209714317423,1,0,0
2024-08-01,ST06,6.053733714790995,3.813128111303109,1,0,0
2024-09-01,ST06,8.544274222662791,5.2489906474714845,1,1,0
2024-10-01,ST06,7.8454155346876355,5.009847673712092,1,1,0
2024-11-01,ST06,7.610333409876806,4.658236193038803,1,1,0
2024-12-01,ST06,5.491375796726366,3.4243541481758903,1,0,0
2025-01-01,ST06,5.3852648702669095,3.3379407556070633,0,0,0
2025-02-01,ST06,5.808547857183265,3.6549757995620706,0,0,0
2025-03-01,ST06,6.090503700321414,3.770908973655651,0,0,0
2025-04-01,ST06,6.6554834472627515,4.151569008561184,0,0,0
2025-05-01,ST06,6.901153242182059,4.307822654038686,0,0,0
2025-06-01,ST06,7.390737106592326,4.567237935637284,0,0,1
2025-07-01,ST06,6.789437216138279,4.299509800995003,0,0,0
2025-08-01,ST06,6.7674245244229825,4.264627650603239,0,0,0
2025-09-01,ST06,6.272651369603714,3.9271074070385295,0,0,0
2025-10-01,ST06,5.591370108753434,3.4766033337757185,0,0,0
2025-11-01,ST06,5.680867165289759,3.619685172487882,0,0,0
2025-12-01,ST06,5.3009363739595985,3.308958482127182,0,0,0
2017-01-01,ST07,8.735600220185647,5.924826686454977,0,0,0
2017-02-01,ST07,9.551544687352424,6.296139567719749,0,0,0
2017-03-01,ST07,10.169959998657722,6.727272463594209,0,0,0
2017-04-01,ST07,11.089444201149307,7.095853659777291,0,0,1
2017-05-01,ST07,12.003900352453655,7.670335384350109,0,0,1
2017-06-01,ST07,11.65572649212687,7.605315524509948,0,0,0
2017-07-01,ST07,11.422933912194816,7.4737077092413156,0,0,0
2017-08-01,ST07,10.703415591453087,6.719702741604405,0,0,0
2017-09-01,ST07,9.998791463174253,6.495863208759045,0,0,0
2017-10-01,ST07,9.366233198732981,6.1086535586485144,0,0,0
2017-11-01,ST07,9.24143761416581,5.999638172513823,0,0,0
2017-12-01,ST07,9.015381753227343,5.782549014862699,0,0,0
2018-01-01,ST07,9.986261698553708,6.440942909254624,1,0,1
2018-02-01,ST07,9.63956998748837,6.262923050748889,1,0,0
2018-03-01,ST07,10.480364859075301,6.845775986342974,1,0,0
2018-04-01,ST07,10.889204676675675,7.185816370951877,1,0,0
2018-05-01,ST07,12.426057138840719,8.277130983005206,1,0,1
2018-06-01,ST07,11.806435182729132,7.652668094182205,1,0,0
2018-07-01,ST07,11.082761815173772,7.16021413898057,1,0,0
2018-08-01,ST07,11.13333657348096,7.322654512293963,1,0,1
2018-09-01,ST07,13.473219869563493,8.892078705607075,1,1,0
2018-10-01,ST07,12.307894595093499,7.95525669947144,1,1,0
2018-11-01,ST07,11.20118992459448,7.418806636133363,1,1,0
2018-12-01,ST07,8.922446690705634,5.931555165539212,1,0,0
2019-01-01,ST07,9.512698687427878,6.362664635716263,0,0,0
2019-02-01,ST07,9.684967402278668,6.539347848223095,0,0,0
2019-03-01,ST07,10.245152021786708,6.56425076726783,0,0,0
2019-04-01,ST07,12.323343883109128,8.037252026693395,0,0,1
2019-05-01,ST07,11.15677002594675,7.276034414301723,0,0,0
2019-06-01,ST07,11.422618554024124,7.4331226543918465,0,0,0
2019-07-01,ST07,12.475946785443911,8.028889308254882,0,0,1
2019-08-01,ST07,11.237076550546304,7.109067822385875,0,0,0
2019-09-01,ST07,10.649176585585472,6.9563048257753595,0,0,0
2019-10-01,ST07,10.875394464173013,6.981965092136115,0,0,1
2019-11-01,ST07,9.484914056955255,6.194952861029401,0,0,0
2019-12-01,ST07,9.408610152147446,6.037143029903557,0,0,0
2020-01-01,ST07,9.381486419823705,5.982350592137407,1,0,0
2020-02-01,ST07,9.950927577198266,6.518568287549218,1,0,0
2020-03-01,ST07,10.615009801251986,6.942048291469931,1,0,0
2020-04-01,ST07,11.303739286179534,7.455608680690385,1,0,0
2020-05-01,ST07,12.847885234196983,8.743248822478588,1,0,1
2020-06-01,ST07,12.97539307971639,8.507083456017133,1,0,1
2020-07-01,ST07,11.760773307215848,7.742607719345957,1,0,0
2020-08-01,ST07,11.019276410289077,7.029905515349921,1,0,0
2020-09-01,ST07,13.460241215160892,8.550408380855455,1,1,0
2020-10-01,ST07,13.381616950789624,9.001234331537983,1,1,1
2020-11-01,ST07,12.130647781243447,7.763294613003769,1,1,0
2020-12-01,ST07,10.051298057972915,6.416776121382298,1,0,0
2021-01-01,ST07,9.461571788723958,6.164273007285431,0,0,0
2021-02-01,ST07,10.225499129457377,6.655163431946529,0,0,0
2021-03-01,ST07,11.101555067620948,7.107738676154995,0,0,0
2021-04-01,ST07,11.451270045977788,7.420871283367492,0,0,0
2021-05-01,ST07,12.742096271475555,8.512326221889081,0,0,0
2021-06-01,ST07,11.959625790457611,7.672167884226624,0,0,0
2021-07-01,ST07,12.055437816619099,7.641244733584877,0,0,0
2021-08-01,ST07,11.204741912486178,7.443397686569857,0,0,0
2021-09-01,ST07,10.73033584368022,7.065237341794269,0,0,0
2021-10-01,ST07,10.284028753891096,6.622136369349929,0,0,0
2021-11-01,ST07,9.991344860612111,6.308376578747129,0,0,0
2021-12-01,ST07,9.673758843837659,6.213513044183647,0,0,0
2022-01-01,ST07,10.139276925450138,6.603738776461668,1,0,0
2022-02-01,ST07,10.990358084596917,7.332951950077598,1,0,1
2022-03-01,ST07,10.823698745255,6.910917948446443,1,0,0
2022-04-01,ST07,12.545460633497429,8.16601508993231,1,0,0
2022-05-01,ST07,12.244279056432315,8.091266942382873,1,0,0
2022-06-01,ST07,12.028452740452224,7.4692313661092244,1,0,0
2022-07-01,ST07,11.880801615883668,7.906637848815198,1,0,0
2022-08-01,ST07,11.33635658704765,7.216685614775036,1,0,0
2022-09-01,ST07,14.191319277744494,9.314407482745057,1,1,0
2022-10-01,ST07,12.952735063327514,8.487058476813043,1,1,0
2022-11-01,ST07,12.509966816076496,8.333632646283178,1,1,0
2022-12-01,ST07,9.718258093186302,6.406278924361628,1,0,0
2023-01-01,ST07,10.145691270877323,6.300631167492157,0,0,0
2023-02-01,ST07,10.163336267838188,6.522649557942666,0,0,0
2023-03-01,ST07,10.750086193729977,7.02860346993833,0,0,0
2023-04-01,ST07,11.869912743123667,7.709193731273772,0,0,0
2023-05-01,ST07,12.516988827296476,8.239236480717478,0,0,0
2023-06-01,ST07,12.61540539941635,8.355305250692643,0,0,0
2023-07-01,ST07,12.937245505138792,8.537941683931885,0,0,1
2023-08-01,ST07,12.093621666303056,7.851443826316699,0,0,0
2023-09-01,ST07,11.77213202410005,7.39218396434848,0,0,1
2023-10-01,ST07,10.37357182104979,6.702120712892314,0,0,0
2023-11-01,ST07,9.774303646492083,6.426073625150139,0,0,0
2023-12-01,ST07,11.007014650842288,7.020233368707226,0,0,1
2024-01-01,ST07,10.277082653528637,6.78542452781027,1,0,0
2024-02-01,ST07,10.785839624306297,7.160307316629391,1,0,0
2024-03-01,ST07,11.706632038640759,7.652279820212727,1,0,0
2024-04-01,ST07,12.98762569005337,7.949250611639361,1,0,0
2024-05-01,ST07,11.849060947104281,7.528293919412628,1,0,0
2024-06-01,ST07,12.40673644259107,8.394554335338729,1,0,0
2024-07-01,ST07,12.290372324197728,7.92592675496321,1,0,0
2024-08-01,ST07,11.731862758155104,7.345814715182174,1,0,0
2024-09-01,ST07,13.957124278786047,9.325091383552149,1,1,0
2024-10-01,ST07,13.386409839217286,8.730486088107458,1,1,0
2024-11-01,ST07,12.496284971605242,8.327835170002881,1,1,0
2024-12-01,ST07,10.147343398176778,6.652879689037368,1,0,0
2025-01-01,ST07,11.014149312848973,7.247264601398034,0,0,1
2025-02-01,ST07,10.91415936266348,7.167872571736938,0,0,0
2025-03-01,ST07,11.634855947901082,7.691937871091846,0,0,0
2025-04-01,ST07,13.28030541709131,9.053377074424846,0,0,1
2025-05-01,ST07,13.476729843362401,8.957690314634723,0,0,1
2025-06-01,ST07,13.704691009562232,8.653251039560919,0,0,0
2025-07-01,ST07,12.805434675347685,8.42393619829771,0,0,0
2025-08-01,ST07,12.443894279298226,8.298850187686964,0,0,1
2025-09-01,ST07,11.200966141798013,7.478881761726356,0,0,0
2025-10-01,ST07,10.301587625129848,6.659492539946906,0,0,0
2025-11-01,ST07,10.379771022885276,6.925459491776189,0,0,0
2025-12-01,ST07,10.163865798877,6.74996716134067,0,0,0
2017-01-01,ST08,7.671534155308546,5.533755956981628,0,0,1
2017-02-01,ST08,8.524946995108559,6.06221698643327,0,0,1
2017-03-01,ST08,8.939675178646983,6.434005680324259,0,0,1
2017-04-01,ST08,8.163505393580827,6.042798768311882,0,0,0
2017-05-01,ST08,9.03621348655092,6.574261440632707,0,0,0
2017-06-01,ST08,9.095943748992582,6.3210035345245,0,0,0
2017-07-01,ST08,9.682113685232993,6.9368270628965965,0,0,0
2017-08-01,ST08,8.451690095311886,6.298239326067869,0,0,0
2017-09-01,ST08,8.065749431306852,5.778938116120515,0,0,0
2017-10-01,ST08,8.215300695616293,5.698499309722632,0,0,0
2017-11-01,ST08,7.913426366317314,5.9097357777700665,0,0,0
2017-12-01,ST08,7.324484866798597,5.342302859237509,0,0,0
2018-01-01,ST08,7.508537136084359,5.395244095509107,1,0,0
2018-02-01,ST08,8.948381464452448,6.391027250402017,1,0,1
2018-03-01,ST08,7.996654394481972,5.878594749372273,1,0,0
2018-04-01,ST08,8.631602764079151,6.14359321758133,1,0,0
2018-05-01,ST08,9.471074164084353,6.971470308495495,1,0,0
2018-06-01,ST08,10.173736306500045,7.399951771233155,1,0,0
2018-07-01,ST08,9.487143864437085,6.859933385757121,1,0,0
2018-08-01,ST08,9.287788435688723,6.702529270322111,1,0,0
2018-09-01,ST08,13.448904685960958,9.643369606907452,1,1,0
2018-10-01,ST08,12.923253133874967,9.493466370650928,1,1,0
2018-11-01,ST08,11.722052766397761,8.288690302523198,1,1,0
2018-12-01,ST08,7.781113108774097,5.417321641025552,1,0,0
2019-01-01,ST08,8.386822731274146,6.108944951818215,0,0,0
2019-02-01,ST08,7.985893909059861,5.818839745833935,0,0,0
2019-03-01,ST08,9.205201457976104,6.687272634372893,0,0,0
2019-04-01,ST08,10.082732529780765,7.314248036204639,0,0,1
2019-05-01,ST08,9.949716905191737,7.113476452790419,0,0,0
2019-06-01,ST08,10.021294796851793,7.324446923981091,0,0,0
2019-07-01,ST08,10.616200428512895,7.631985404332421,0,0,1
2019-08-01,ST08,9.329313448441436,6.647559614496881,0,0,0
2019-09-01,ST08,9.171892205571918,6.55851806368062,0,0,0
2019-10-01,ST08,8.832920114525011,6.612631200907123,0,0,0
2019-11-01,ST08,8.168955838461736,5.674052957395515,0,0,0
2019-12-01,ST08,8.841851794747285,6.425798425053229,0,0,1
2020-01-01,ST08,9.154632127012695,6.366051225358797,1,0,1
2020-02-01,ST08,8.428090754606458,6.051351732652749,1,0,0
2020-03-01,ST08,9.468559044311675,6.754066604191244,1,0,0
2020-04-01,ST08,11.000587884049757,7.585451603770155,1,0,1
2020-05-01,ST08,11.090429613675912,8.042271757779702,1,0,0
2020-06-01,ST08,11.317302930620787,8.081531656709862,1,0,1
2020-07-01,ST08,10.206004520114714,7.035464506622573,1,0,0
2020-08-01,ST08,10.195804288142808,7.459636299935439,1,0,0
2020-09-01,ST08,14.382254815038621,10.645843713415655,1,1,0
2020-10-01,ST08,14.019682523058343,10.38858578949738,1,1,1
2020-11-01,ST08,12.651826779543597,9.169048500290113,1,1,0
2020-12-01,ST08,8.507183720899041,6.127029888329341,1,0,0
2021-01-01,ST08,8.336842130816269,6.158168330412827,0,0,0
2021-02-01,ST08,8.883465318650611,6.607227445368346,0,0,0
2021-03-01,ST08,10.508891827296821,7.73316606526183,0,0,1
2021-04-01,ST08,10.506080855359924,7.417353579910739,0,0,0
2021-05-01,ST08,10.461383073946147,7.557858694930403,0,0,0
2021-06-01,ST08,10.241700574101555,7.434252325151653,0,0,0
2021-07-01,ST08,10.099777634301633,7.004328419837269,0,0,0
2021-08-01,ST08,9.929101607162096,7.211607288804393,0,0,0
2021-09-01,ST08,9.378042173829334,7.054786088149514,0,0,0
2021-10-01,ST08,9.160288980074052,6.675697284949917,0,0,0
2021-11-01,ST08,8.484037319037384,6.284631926006242,0,0,0
2021-12-01,ST08,8.481736087165375,6.125406970176891,0,0,0
2022-01-01,ST08,8.642106513570738,6.209369405206635,1,0,0
2022-02-01,ST08,9.184345013916909,6.659039998610029,1,0,0
2022-03-01,ST08,10.323128870959712,7.306864206894877,1,0,0
2022-04-01,ST08,10.763954337321064,7.595969024232183,1,0,0
2022-05-01,ST08,11.027676401184296,8.135988717042702,1,0,0
2022-06-01,ST08,11.058857079887211,8.175869001342324,1,0,0
2022-07-01,ST08,10.939573613190245,7.715598230967955,1,0,0
2022-08-01,ST08,11.763443095096168,8.628322090322714,1,0,1
2022-09-01,ST08,15.327180746138756,11.009576454609284,1,1,0
2022-10-01,ST08,14.021283677532804,10.157659408103882,1,1,0
2022-11-01,ST08,14.501203620723695,10.530463559424849,1,1,1
2022-12-01,ST08,8.411576008239749,6.172964066359412,1,0,0
2023-01-01,ST08,10.049538270650967,7.243163874786867,0,0,1
2023-02-01,ST08,9.840415512843144,7.28042479650329,0,0,0
2023-03-01,ST08,10.176053481084555,7.3675474294007985,0,0,0
2023-04-01,ST08,12.510062393979537,9.114058774472673,0,0,1
2023-05-01,ST08,11.088928856631716,7.846126367888905,0,0,0
2023-06-01,ST08,11.662601025844497,8.754193600650815,0,0,0
2023-07-01,ST08,12.497516234915551,9.077156404494806,0,0,1
2023-08-01,ST08,10.991955604736356,8.022108971172488,0,0,0
2023-09-01,ST08,10.393055701754708,7.237848188605326,0,0,0
2023-10-01,ST08,9.860768446141396,6.978622952340046,0,0,0
2023-11-01,ST08,9.633765214151707,7.10364994747689,0,0,0
2023-12-01,ST08,9.63299268171313,6.971244715869533,0,0,0
2024-01-01,ST08,9.443882032671356,6.535299658808081,1,0,0
2024-02-01,ST08,10.176523787136,7.474633062867832,1,0,0
2024-03-01,ST08,10.37230402132141,7.382278815484461,1,0,0
2024-04-01,ST08,11.519265065206637,8.52271197686508,1,0,0
2024-05-01,ST08,11.48897648653407,8.252433889653146,1,0,0
2024-06-01,ST08,12.35140933080691,8.923911602093977,1,0,0
2024-07-01,ST08,12.602869805603481,9.282290820650491,1,0,0
2024-08-01,ST08,11.33653267912727,8.010843023796342,1,0,0
2024-09-01,ST08,15.442084419756734,10.890798138472825,1,1,0
2024-10-01,ST08,15.053359429707688,10.789159673169776,1,1,0
2024-11-01,ST08,14.904487575165085,10.902028510848348,1,1,0
2024-12-01,ST08,9.702117058276796,6.7953892571491386,1,0,0
2025-01-01,ST08,9.81574938376792,6.8273509578408795,0,0,0
2025-02-01,ST08,10.556723848081043,7.7212911614382564,0,0,0
2025-03-01,ST08,12.097447400339313,8.599809241771993,0,0,1
2025-04-01,ST08,12.037854429560674,8.593956236545873,0,0,0
2025-05-01,ST08,12.459915362325006,8.632652577781906,0,0,0
2025-06-01,ST08,12.896159852136602,9.153491323287183,0,0,0
2025-07-01,ST08,12.317923368425992,8.862088433295884,0,0,0
2025-08-01,ST08,12.049877234801077,8.831893662208149,0,0,0
2025-09-01,ST08,10.992777102896897,7.787906275088565,0,0,0
2025-10-01,ST08,10.266740894850386,7.63236718198084,0,0,0
2025-11-01,ST08,10.503330032559957,7.454255426740656,0,0,0
2025-12-01,ST08,9.900687216231502,7.026766029491604,0,0,0
2017-01-01,ST09,8.120866863710377,5.8534575944241976,0,0,0
2017-02-01,ST09,8.506715103753487,6.101785918066042,0,0,0
2017-03-01,ST09,9.932157267892968,7.304940779116392,0,0,0
2017-04-01,ST09,9.89696843867846,7.205598725083808,0,0,0
2017-05-01,ST09,10.471885493596739,7.646997245661394,0,0,0
2017-06-01,ST09,10.532063596121928,7.479247528764107,0,0,0
2017-07-01,ST09,10.237254117844127,7.213796225537788,0,0,0
2017-08-01,ST09,10.071802345835241,7.16644018650783,0,0,0
2017-09-01,ST09,10.302053929818255,7.322398210828982,0,0,0
2017-10-01,ST09,9.42021770784848,6.886401102603897,0,0,0
2017-11-01,ST09,8.421552932985259,6.179359521864991,0,0,0
2017-12-01,ST09,8.675210445430674,6.224237369238889,0,0,0
2018-01-01,ST09,8.471280756650618,6.271320885724901,1,0,0
2018-02-01,ST09,8.65067890934476,6.3963538413653165,1,0,0
2018-03-01,ST09,10.582826269412223,7.653610217381093,1,0,1
2018-04-01,ST09,10.718210416223776,7.587169034634214,1,0,0
2018-05-01,ST09,11.154217588178405,8.28070252005109,1,0,0
2018-06-01,ST09,10.845581569129918,7.7961143124306345,1,0,0
2018-07-01,ST09,10.816256578805456,7.804177250413237,1,0,0
2018-08-01,ST09,10.70030635953888,7.648777792097883,1,0,0
2018-09-01,ST09,12.944328226317362,9.150334443686864,1,1,0
2018-10-01,ST09,11.979040171737683,8.36816338281778,1,1,0
2018-11-01,ST09,11.120665933787196,8.104924769115886,1,1,0
2018-12-01,ST09,8.80682672664556,6.239024821753203,1,0,0
2019-01-01,ST09,9.249874654039775,7.064556764580437,0,0,0
2019-02-01,ST09,9.084251417258102,6.3959834886987155,0,0,0
2019-03-01,ST09,10.242101549867163,7.185940017696932,0,0,0
2019-04-01,ST09,10.78551181352912,7.841605373815062,0,0,0
2019-05-01,ST09,11.400634294984762,8.456079043902472,0,0,0
2019-06-01,ST09,11.637064896987274,8.386095038962122,0,0,0
2019-07-01,ST09,11.591289590515062,8.437807825930255,0,0,1
2019-08-01,ST09,10.26324069952996,7.114176971556341,0,0,0
2019-09-01,ST09,10.0379278959575,7.126474152312507,0,0,0
2019-10-01,ST09,9.869307633960046,6.950490773591646,0,0,0
2019-11-01,ST09,9.03699795245222,6.257482614418979,0,0,0
2019-12-01,ST09,9.355253085829725,6.748792859863317,0,0,1
2020-01-01,ST09,8.727251451997718,5.99931626153211,1,0,0
2020-02-01,ST09,10.218385767270147,7.159767752801536,1,0,0
2020-03-01,ST09,10.609339099495456,7.553578470930105,1,0,0
2020-04-01,ST09,11.25493868177646,7.965584461905772,1,0,0
2020-05-01,ST09,11.81801914564585,8.5729430656324,1,0,0
2020-06-01,ST09,11.882251652393318,8.604003352854756,1,0,0
2020-07-01,ST09,11.455825399663421,8.392221090256866,1,0,0
2020-08-01,ST09,11.053467156278636,8.074964706550901,1,0,0
2020-09-01,ST09,14.060152654132779,10.350070898012026,1,1,1
2020-10-01,ST09,13.610711665424473,9.795347272285806,1,1,0
2020-11-01,ST09,12.416018819972582,8.99012939278438,1,1,0
2020-12-01,ST09,9.69571449429744,7.049460228007509,1,0,1
2021-01-01,ST09,9.636223343901682,6.954904951680891,0,0,0
2021-02-01,ST09,9.690053231451522,6.918597534864484,0,0,0
2021-03-01,ST09,11.13721411393061,7.962235795714956,0,0,0
2021-04-01,ST09,11.097866777444334,7.85661107362934,0,0,0
2021-05-01,ST09,11.997162972189036,8.707249497518383,0,0,0
2021-06-01,ST09,12.404321404301262,8.910689354556824,0,0,0
2021-07-01,ST09,12.012377206736122,8.530722849884382,0,0,0
2021-08-01,ST09,11.461993143252373,8.14001476551639,0,0,0
2021-09-01,ST09,10.811424344785824,7.592693088851287,0,0,0
2021-10-01,ST09,10.728688863762864,7.872674106885086,0,0,1
2021-11-01,ST09,9.56169629604732,6.892439147230314,0,0,0
2021-12-01,ST09,9.44855956598823,6.682849383035847,0,0,0
2022-01-01,ST09,10.209245676075755,7.4664833212034605,1,0,0
2022-02-01,ST09,10.244795110061482,7.2906031603100665,1,0,0
2022-03-01,ST09,10.701240926218805,7.485106425569832,1,0,0
2022-04-01,ST09,11.463621447423382,8.418958284390708,1,0,0
2022-05-01,ST09,12.555600059733523,8.939284061307129,1,0,0
2022-06-01,ST09,12.610202726102516,9.001429426383464,1,0,0
2022-07-01,ST09,13.090168358213576,9.428843713098747,1,0,1
2022-08-01,ST09,11.660375735597167,8.583826270119273,1,0,0
2022-09-01,ST09,14.591873215894449,10.506080434786153,1,1,0
2022-10-01,ST09,13.365391609398438,9.388474477613235,1,1,0
2022-11-01,ST09,13.437699811362414,9.776404212427577,1,1,1
2022-12-01,ST09,10.131088079989643,7.22068878952407,1,0,0
2023-01-01,ST09,10.310694164590041,7.700871253478758,0,0,0
2023-02-01,ST09,10.25224972706554,7.378449640499916,0,0,0
2023-03-01,ST09,10.973887408584854,7.5449370749537685,0,0,0
2023-04-01,ST09,12.004554915936119,8.701511976835299,0,0,0
2023-05-01,ST09,13.135998773558564,9.821756203220701,0,0,0
2023-06-01,ST09,11.969656871629896,8.886164520191967,0,0,0
2023-07-01,ST09,12.649820851295711,9.437549503606348,0,0,0
2023-08-01,ST09,12.241479374512863,8.63058978768249,0,0,1
2023-09-01,ST09,11.197419868862678,8.205878529838984,0,0,0
2023-10-01,ST09,11.230194858011952,7.965739062933556,0,0,1
2023-11-01,ST09,10.144095683552406,7.333525400750054,0,0,0
2023-12-01,ST09,9.949695573843334,6.978555769530228,0,0,0
2024-01-01,ST09,10.321237567473158,7.332522129566891,1,0,0
2024-02-01,ST09,10.67437400739125,7.578516406437552,1,0,0
2024-03-01,ST09,11.058861636423764,8.102173566290531,1,0,0
2024-04-01,ST09,12.574564906164763,9.194931320693433,1,0,0
2024-05-01,ST09,13.113788534148002,9.490337065454213,1,0,0
2024-06-01,ST09,13.369047884195346,9.361926434887954,1,0,0
2024-07-01,ST09,12.996359996243605,9.295271153504935,1,0,1
2024-08-01,ST09,12.50542802497249,8.865938260046848,1,0,0
2024-09-01,ST09,15.424718183228393,11.294366338379925,1,1,0
2024-10-01,ST09,13.965164312248262,10.287659729171365,1,1,0
2024-11-01,ST09,13.670416646144423,10.046562274910228,1,1,0
2024-12-01,ST09,10.342377195898592,7.331051025214063,1,0,0
2025-01-01,ST09,11.761384254782632,8.000960186874092,0,0,1
2025-02-01,ST09,12.391786470826762,8.603282863456435,0,0,1
2025-03-01,ST09,11.932932285364739,8.832398442477457,0,0,1
2025-04-01,ST09,13.55200734193811,9.67520062185055,0,0,0
2025-05-01,ST09,12.797720890904555,9.072315439482301,0,0,0
2025-06-01,ST09,13.772592069215609,10.237878076653294,0,0,0
2025-07-01,ST09,13.599588633227023,10.035378361710753,0,0,0
2025-08-01,ST09,12.336010969716114,8.882653494779166,0,0,0
2025-09-01,ST09,12.199249872199003,8.728363417376515,0,0,0
2025-10-01,ST09,11.287308241205078,8.102091010370566,0,0,0
2025-11-01,ST09,10.997258521911307,7.950761826772766,0,0,0
2025-12-01,ST09,10.719202373338046,7.961561103188081,0,0,0
2017-01-01,ST10,5.614872682996194,3.569761750093553,0,0,0
2017-02-01,ST10,6.291685713010022,4.047967364803853,0,0,1
2017-03-01,ST10,6.457153904024573,4.155095046308803,0,0,0
2017-04-01,ST10,6.780456699766758,4.373649730997114,0,0,0
2017-05-01,ST10,6.927244236976137,4.351814185697175,0,0,0
2017-06-01,ST10,7.19408457314275,4.6096718271097314,0,0,0
2017-07-01,ST10,7.097410223023413,4.437828989030709,0,0,0
2017-08-01,ST10,6.7871351568964595,4.265973774523793,0,0,0
2017-09-01,ST10,6.4852006317356965,4.0515919592927006,0,0,0
2017-10-01,ST10,6.774698471456799,4.209112864907011,0,0,1
2017-11-01,ST10,5.924530492102983,3.850773816670694,0,0,0
2017-12-01,ST10,6.224422023338116,4.015936945521475,0,0,0
2018-01-01,ST10,5.942079581839348,3.855558924072561,1,0,0
2018-02-01,ST10,6.159357562358932,3.9230533447053286,1,0,0
2018-03-01,ST10,6.623409713930184,4.28079541022039,1,0,0
2018-04-01,ST10,7.53278878166412,4.625183192966318,1,0,1
2018-05-01,ST10,7.434383446872497,4.813102766959167,1,0,0
2018-06-01,ST10,7.92423868700587,5.0610512564880485,1,0,0
2018-07-01,ST10,7.179484192850375,4.626513513988813,1,0,0
2018-08-01,ST10,7.269142578893344,4.661428309380712,1,0,0
2018-09-01,ST10,9.838725383953568,6.138002964953493,1,1,0
2018-10-01,ST10,9.32859601858247,5.759078989831441,1,1,1
2018-11-01,ST10,8.951062808298806,5.615556239893197,1,1,0
2018-12-01,ST10,6.152764948443903,3.960017301587466,1,0,0
2019-01-01,ST10,5.891400906072119,3.8011859004002755,0,0,0
2019-02-01,ST10,6.353403185786741,3.932842191610971,0,0,0
2019-03-01,ST10,6.4227209447207345,4.007375863566997,0,0,0
2019-04-01,ST10,6.921385642282887,4.341228930547512,0,0,0
2019-05-01,ST10,7.74090833450746,4.891304868289956,0,0,0
2019-06-01,ST10,7.521572620007941,4.656518851450184,0,0,0
2019-07-01,ST10,7.282109655876663,4.502708582825216,0,0,0
2019-08-01,ST10,7.296161966983108,4.567139126077145,0,0,0
2019-09-01,ST10,6.741338460285268,4.297759810832929,0,0,0
2019-10-01,ST10,6.358461899421178,3.9511363700540216,0,0,0
2019-11-01,ST10,6.296063551126351,3.9976939442152375,0,0,0
2019-12-01,ST10,6.2325643140922935,4.050538159158574,0,0,1
2020-01-01,ST10,6.014050371517414,3.727842960952794,1,0,0
2020-02-01,ST10,6.526817021300271,4.136680914728931,1,0,0
2020-03-01,ST10,7.125401852181946,4.627727343010913,1,0,0
2020-04-01,ST10,7.625909035791255,4.812721919740614,1,0,0
2020-05-01,ST10,7.51827570052141,4.729923021829706,1,0,0
2020-06-01,ST10,8.016387005222235,5.220551014397183,1,0,0
2020-07-01,ST10,7.517949282288141,4.755312246984406,1,0,0
2020-08-01,ST10,7.8117962964985646,5.081447807945407,1,0,0
2020-09-01,ST10,9.999829570623147,6.41874487999075,1,1,0
2020-10-01,ST10,9.903585959100003,6.259674785024982,1,1,0
2020-11-01,ST10,9.082904280055358,5.836048322884744,1,1,0
2020-12-01,ST10,6.566646749507166,4.205964708278064,1,0,0
2021-01-01,ST10,6.4290793774124335,4.175170496000467,0,0,0
2021-02-01,ST10,6.436122361031648,4.05118966602989,0,0,0
2021-03-01,ST10,6.963916916539766,4.435665699088021,0,0,0
2021-04-01,ST10,7.688617689550799,4.887210908649682,0,0,0
2021-05-01,ST10,8.085229789406753,5.218111036194319,0,0,0
2021-06-01,ST10,7.949032268569294,4.955238629434845,0,0,0
2021-07-01,ST10,8.37410271042068,5.437890557649108,0,0,1
2021-08-01,ST10,7.737939881423233,4.970550859452397,0,0,0
2021-09-01,ST10,7.178391090008958,4.4481822741010975,0,0,0
2021-10-01,ST10,6.471647398607361,4.218250322432043,0,0,0
2021-11-01,ST10,6.272755392778142,4.170516743872365,0,0,0
2021-12-01,ST10,6.369880453747715,4.135181088464272,0,0,0
2022-01-01,ST10,6.687349069104154,4.377463294102116,1,0,0
2022-02-01,ST10,7.108843820618197,4.531973163107067,1,0,0
2022-03-01,ST10,7.3944557221491625,4.549637513651386,1,0,0
2022-04-01,ST10,7.738449868443776,4.743301721481451,1,0,0
2022-05-01,ST10,8.18391424552475,5.235022039254864,1,0,0
2022-06-01,ST10,8.487194388375787,5.337514500565679,1,0,1
2022-07-01,ST10,7.994916011054305,4.995096791263694,1,0,0
2022-08-01,ST10,7.534573139418491,4.789175612881817,1,0,0
2022-09-01,ST10,10.405315423340861,6.703737049416935,1,1,0
2022-10-01,ST10,10.124152205539474,6.256056901612517,1,1,0
2022-11-01,ST10,9.63850561485905,6.079119195728008,1,1,0
2022-12-01,ST10,6.591124757305847,4.3214296731362705,1,0,0
2023-01-01,ST10,6.695056470906195,4.1692695800568975,0,0,0
2023-02-01,ST10,6.972211983970049,4.5144800672161916,0,0,0
2023-03-01,ST10,7.499376228946041,4.726522664474245,0,0,0
2023-04-01,ST10,7.822061903261762,5.032499352079685,0,0,0
2023-05-01,ST10,8.271699283398878,5.379852659580821,0,0,0
2023-06-01,ST10,8.122664408046173,5.246110116168311,0,0,0
2023-07-01,ST10,8.289152594861447,5.3713508456046,0,0,0
2023-08-01,ST10,8.542841506206857,5.311659263858456,0,0,1
2023-09-01,ST10,7.773763979568756,5.057615228322334,0,0,1
2023-10-01,ST10,7.027189011496369,4.39601148011522,0,0,0
2023-11-01,ST10,6.574348488144595,4.205800843868302,0,0,0
2023-12-01,ST10,6.486438573159452,4.1494553626510795,0,0,0
2024-01-01,ST10,6.495336774267494,4.173904869363407,1,0,0
2024-02-01,ST10,7.3317298115971035,4.697544090471511,1,0,0
2024-03-01,ST10,7.767567953880789,4.860049960581324,1,0,0
2024-04-01,ST10,8.120710289838614,5.028697405249127,1,0,0
2024-05-01,ST10,8.830139168795439,5.717771493190899,1,0,0
2024-06-01,ST10,8.424260996900603,5.381339877448017,1,0,0
2024-07-01,ST10,9.125396897752102,5.941137007733454,1,0,0
2024-08-01,ST10,7.99019798753938,5.08061497415987,1,0,0
2024-09-01,ST10,11.177943925047664,6.91400202211602,1,1,0
2024-10-01,ST10,10.384408829887347,6.7366020135261895,1,1,0
2024-11-01,ST10,10.073412220888299,6.363486052008323,1,1,0
2024-12-01,ST10,6.89171339812799,4.4160619945625665,1,0,0
2025-01-01,ST10,6.833821646701636,4.292898421909409,0,0,0
2025-02-01,ST10,7.589233262823737,4.988819248955521,0,0,0
2025-03-01,ST10,7.732734247636332,4.835031102965382,0,0,0
2025-04-01,ST10,8.217770910181383,5.194702498760525,0,0,0
2025-05-01,ST10,8.271383643653127,5.275430590433517,0,0,0
2025-06-01,ST10,8.749661408437783,5.446869743840376,0,0,0
2025-07-01,ST10,8.49669670940482,5.4432588548196295,0,0,0
2025-08-01,ST10,8.055163578360803,5.291779719216684,0,0,0
2025-09-01,ST10,7.572412233143736,4.772001579656952,0,0,0
2025-10-01,ST10,7.884725813929706,5.057696140763008,0,0,0
2025-11-01,ST10,6.914714370221629,4.158710660245518,0,0,0
2025-12-01,ST10,6.556145824269991,4.169248687245059,0,0,0
2017-01-01,ST11,12.232147013511124,8.653721848316248,0,0,0
2017-02-01,ST11,13.123149476060414,9.251557139133656,0,0,0
2017-03-01,ST11,14.19427662084806,9.941399752068154,0,0,0
2017-04-01,ST11,16.680145202337528,11.45353504265641,0,0,1
2017-05-01,ST11,18.123997619615544,12.510537303753223,0,0,1
2017-06-01,ST11,17.202640869278724,12.03756462512578,0,0,1
2017-07-01,ST11,15.61992629250208,11.045138068397442,0,0,0
2017-08-01,ST11,15.245736117640647,11.037893621050207,0,0,0
2017-09-01,ST11,14.211727821353904,9.992718956505918,0,0,0
2017-10-01,ST11,13.186620523854836,9.465929628940073,0,0,0
2017-11-01,ST11,12.186480387615818,8.76099332193097,0,0,0
2017-12-01,ST11,12.376599837639407,8.669346284223494,0,0,0
2018-01-01,ST11,12.404363530646885,8.833024028944616,1,0,0
2018-02-01,ST11,12.767298566096787,8.940845258209746,1,0,0
2018-03-01,ST11,14.002282990393574,10.114247067278642,1,0,0
2018-04-01,ST11,14.748778234002355,10.511001023083674,1,0,0
2018-05-01,ST11,16.158820305772124,11.100540867658477,1,0,0
2018-06-01,ST11,16.42588274565829,11.596566745838915,1,0,0
2018-07-01,ST11,15.494089941113275,11.262907304258675,1,0,0
2018-08-01,ST11,15.194451405996977,10.653884927223949,1,0,0
2018-09-01,ST11,20.730874492213143,14.719366121086313,1,1,0
2018-10-01,ST11,21.498585075272967,15.29415950359152,1,1,1
2018-11-01,ST11,19.50946901699732,13.444566361181767,1,1,0
2018-12-01,ST11,13.102080654456861,9.314374798677392,1,0,0
2019-01-01,ST11,14.12453528705531,9.662633533350014,0,0,1
2019-02-01,ST11,14.128125300438407,9.81784434338722,0,0,0
2019-03-01,ST11,13.927198127202034,10.011710013300597,0,0,0
2019-04-01,ST11,14.908119483128793,10.565999785816679,0,0,0
2019-05-01,ST11,16.49607988918482,11.53793252832421,0,0,0
2019-06-01,ST11,18.952252092013882,13.456171521561195,0,0,1
2019-07-01,ST11,16.437223682492384,11.553303608833586,0,0,0
2019-08-01,ST11,15.555862761293522,10.949728083308237,0,0,0
2019-09-01,ST11,13.744647678513944,9.799445634945993,0,0,0
2019-10-01,ST11,13.009738558211874,9.02203106943495,0,0,0
2019-11-01,ST11,13.272596783029186,9.3477288614802,0,0,0
2019-12-01,ST11,12.862428216136381,8.99501975368914,0,0,0
2020-01-01,ST11,12.818164809151853,8.734345362509588,1,0,0
2020-02-01,ST11,13.954514205395434,9.639294046119293,1,0,0
2020-03-01,ST11,14.887840296720332,10.805471284699877,1,0,0
2020-04-01,ST11,16.194711340588764,11.48423510330983,1,0,0
2020-05-01,ST11,16.491016899693,11.297854508990124,1,0,0
2020-06-01,ST11,17.300757195529535,11.799818585108499,1,0,0
2020-07-01,ST11,16.47291260129745,11.566315810180821,1,0,0
2020-08-01,ST11,17.439544279141828,12.655753872680696,1,0,1
2020-09-01,ST11,22.747327215700516,15.947961072080362,1,1,0
2020-10-01,ST11,20.54884705387703,14.838638776243842,1,1,0
2020-11-01,ST11,22.553097273387873,15.982779459158792,1,1,1
2020-12-01,ST11,13.367341496070937,9.49552744220562,1,0,0
2021-01-01,ST11,13.632378512046168,9.337098043081717,0,0,0
2021-02-01,ST11,15.864585431875737,11.373562920866497,0,0,1
2021-03-01,ST11,17.511950724234975,12.240961892706506,0,0,1
2021-04-01,ST11,16.3898464191029,11.732961102753059,0,0,0
2021-05-01,ST11,15.891318045232744,11.000942874409715,0,0,0
2021-06-01,ST11,19.452323224298464,13.737464454950988,0,0,1
2021-07-01,ST11,16.569269471927406,11.742216876104504,0,0,0
2021-08-01,ST11,16.14786925023846,11.328573649079765,0,0,0
2021-09-01,ST11,14.621968492136553,10.373027504371414,0,0,0
2021-10-01,ST11,14.538392287404184,10.176449718313963,0,0,0
2021-11-01,ST11,13.395074591854721,9.304018238133727,0,0,0
2021-12-01,ST11,13.475339946668381,9.787360065075424,0,0,0
2022-01-01,ST11,13.58202515011561,9.758461515744392,1,0,0
2022-02-01,ST11,15.220519515569212,10.54799411367514,1,0,0
2022-03-01,ST11,17.845858245005395,12.701266173116185,1,0,1
2022-04-01,ST11,16.292633255646034,11.29515138810946,1,0,0
2022-05-01,ST11,18.776727881684092,12.900483777716321,1,0,1
2022-06-01,ST11,17.043671707459136,12.241964992602826,1,0,0
2022-07-01,ST11,19.35861602801216,13.158747641375948,1,0,1
2022-08-01,ST11,16.19542989286889,11.608318905259607,1,0,0
2022-09-01,ST11,22.80663904279094,15.968370268254281,1,1,0
2022-10-01,ST11,22.077480467111403,15.470634657476863,1,1,0
2022-11-01,ST11,20.44200868339467,14.503342660311105,1,1,0
2022-12-01,ST11,15.066059361899573,10.725530391126059,1,0,1
2023-01-01,ST11,13.258853340495005,9.176318057793534,0,0,0
2023-02-01,ST11,14.929584917917197,10.657061902366673,0,0,0
2023-03-01,ST11,16.481282483599532,11.624508570525304,0,0,0
2023-04-01,ST11,16.888306424579604,11.586086392466486,0,0,0
2023-05-01,ST11,17.994205457702368,12.6198630314254,0,0,0
2023-06-01,ST11,17.067729615222188,12.342713558973223,0,0,0
2023-07-01,ST11,17.406026964089936,12.6597032464618,0,0,0
2023-08-01,ST11,17.88820062939128,12.768891088237215,0,0,1
2023-09-01,ST11,15.590159657912967,10.709921793218117,0,0,0
2023-10-01,ST11,15.117119525693157,10.742605394639186,0,0,0
2023-11-01,ST11,14.145906303212666,10.124161686571918,0,0,0
2023-12-01,ST11,13.280129871726906,9.48113705820178,0,0,0
2024-01-01,ST11,13.581741236653029,9.707792906629416,1,0,0
2024-02-01,ST11,14.23651727622234,10.091311341936844,1,0,0
2024-03-01,ST11,16.053643674075015,11.280911374924342,1,0,0
2024-04-01,ST11,19.59006961946974,13.61818863211778,1,0,1
2024-05-01,ST11,18.22543875739209,12.338765024449037,1,0,0
2024-06-01,ST11,16.77595079973328,11.88576802088541,1,0,0
2024-07-01,ST11,18.303410964948007,12.928408195725002,1,0,0
2024-08-01,ST11,19.1205527430785,13.605567778346108,1,0,1
2024-09-01,ST11,22.995098643370618,15.749228679366796,1,1,0
2024-10-01,ST11,22.20234920130013,15.825798538985687,1,1,0
2024-11-01,ST11,21.793108077289574,15.96642971182891,1,1,0
2024-12-01,ST11,15.792314403779587,11.130806845492359,1,0,1
2025-01-01,ST11,13.795992921834737,9.696544698847836,0,0,0
2025-02-01,ST11,15.359453972768694,10.87555595903769,0,0,0
2025-03-01,ST11,15.036089573357021,11.011290545581458,0,0,0
2025-04-01,ST11,16.938063141876082,11.675625826218688,0,0,0
2025-05-01,ST11,18.388288370264164,12.992799945228867,0,0,0
2025-06-01,ST11,18.07313914130173,12.515024501255889,0,0,0
2025-07-01,ST11,17.55968136591549,12.22191383218625,0,0,0
2025-08-01,ST11,17.596226525456352,12.37053790035591,0,0,0
2025-09-01,ST11,16.662736086001978,12.041874858807669,0,0,0
2025-10-01,ST11,17.432316967594904,12.709344861332784,0,0,1
2025-11-01,ST11,16.44867656684255,11.679012505698603,0,0,1
2025-12-01,ST11,14.764642506167467,10.311918799067847,0,0,0
2017-01-01,ST12,12.222417536986665,8.397986830047708,0,0,0
2017-02-01,ST12,12.577517546410242,8.884144460279115,0,0,0
2017-03-01,ST12,13.446445995652374,9.148672790316875,0,0,0
2017-04-01,ST12,15.576707649451512,10.742009157949385,0,0,1
2017-05-01,ST12,14.958467627117146,10.366506111457312,0,0,0
2017-06-01,ST12,15.163678534412098,10.797075884489027,0,0,0
2017-07-01,ST12,15.334584538665624,10.52474129394746,0,0,0
2017-08-01,ST12,14.858917594437973,10.456639690443625,0,0,0
2017-09-01,ST12,14.629415031542466,10.350320945105944,0,0,1
2017-10-01,ST12,13.033303398017512,8.987856168527731,0,0,0
2017-11-01,ST12,12.957315790763632,8.90915712690942,0,0,1
2017-12-01,ST12,11.934310366107919,8.186259028690857,0,0,0
2018-01-01,ST12,12.803256776423824,8.79525478107838,1,0,0
2018-02-01,ST12,13.34572916140915,9.372494501918993,1,0,0
2018-03-01,ST12,14.24724761675388,9.882995623321106,1,0,0
2018-04-01,ST12,16.05099114246721,11.135160633949669,1,0,1
2018-05-01,ST12,16.659167378804266,11.244076616319374,1,0,1
2018-06-01,ST12,16.224114322285864,10.985778617326499,1,0,0
2018-07-01,ST12,16.15412429932837,11.632387908691873,1,0,0
2018-08-01,ST12,15.549249373763603,10.698375213592525,1,0,0
2018-09-01,ST12,18.59583751637198,12.641226107679602,1,1,0
2018-10-01,ST12,18.13745649011633,12.88213688995698,1,1,0
2018-11-01,ST12,17.740921503456892,12.318924246996781,1,1,1
2018-12-01,ST12,12.964023591903008,9.05500126211183,1,0,0
2019-01-01,ST12,13.105119740903929,9.023935822316167,0,0,0
2019-02-01,ST12,13.775476364009975,9.451169081582107,0,0,0
2019-03-01,ST12,14.269590611073001,9.819553166137142,0,0,0
2019-04-01,ST12,15.840982108332694,10.635509967932416,0,0,0
2019-05-01,ST12,17.590157611609566,12.124422317355405,0,0,0
2019-06-01,ST12,16.307414323536875,11.326730272810007,0,0,0
2019-07-01,ST12,16.340185431217726,11.700255392594329,0,0,0
2019-08-01,ST12,15.493858164125566,10.716713913728531,0,0,0
2019-09-01,ST12,14.64230805624444,9.638342510031869,0,0,0
2019-10-01,ST12,14.659436944135576,10.10312901737399,0,0,0
2019-11-01,ST12,13.125244554935596,9.559367687627438,0,0,0
2019-12-01,ST12,13.007028882535149,9.136808838431755,0,0,0
2020-01-01,ST12,12.83401888434601,8.718010108738067,1,0,0
2020-02-01,ST12,13.856112088763956,9.680577950831921,1,0,0
2020-03-01,ST12,14.352721160873868,9.763299767050084,1,0,0
2020-04-01,ST12,16.387972367245172,11.009302301114165,1,0,0
2020-05-01,ST12,18.209865584351046,12.486076062617947,1,0,0
2020-06-01,ST12,16.905587984637947,11.69446252922042,1,0,0
2020-07-01,ST12,16.05267395099886,10.669142514014487,1,0,0
2020-08-01,ST12,16.712019570742385,11.274225004100414,1,0,0
2020-09-01,ST12,19.69941658709295,13.605009620189572,1,1,0
2020-10-01,ST12,19.45352327494529,13.322756669307962,1,1,0
2020-11-01,ST12,17.93989808439358,12.485085327167809,1,1,0
2020-12-01,ST12,13.407674588162333,9.032925803915825,1,0,0
2021-01-01,ST12,13.88194577448775,9.72220790940762,0,0,0
2021-02-01,ST12,15.016361125319833,10.123128686436072,0,0,0
2021-03-01,ST12,15.557590672155625,11.095255040463956,0,0,0
2021-04-01,ST12,16.403573501294872,10.937790595239248,0,0,0
2021-05-01,ST12,17.287315865131195,11.675843606704156,0,0,0
2021-06-01,ST12,17.019249488131766,11.849671721315564,0,0,0
2021-07-01,ST12,17.698062485066906,12.627036408363347,0,0,0
2021-08-01,ST12,15.938519770776242,11.074689382184278,0,0,0
2021-09-01,ST12,15.720381543058304,10.976917895906892,0,0,0
2021-10-01,ST12,15.360870630045328,10.610206904159424,0,0,0
2021-11-01,ST12,14.487526800664348,9.798103349001586,0,0,0
2021-12-01,ST12,14.389142711590374,9.838125376834395,0,0,0
2022-01-01,ST12,14.408937799237638,9.708038848458097,1,0,0
2022-02-01,ST12,15.7197331464794,10.576687393093785,1,0,0
2022-03-01,ST12,17.711593517255498,12.327896037768806,1,0,1
2022-04-01,ST12,17.45077598814665,11.778864450901356,1,0,0
2022-05-01,ST12,18.483602536332775,12.844261072572449,1,0,0
2022-06-01,ST12,18.70703055367089,12.580655839590314,1,0,0
2022-07-01,ST12,17.843496026389104,12.393741203144874,1,0,0
2022-08-01,ST12,16.70791184303426,11.423846995715392,1,0,0
2022-09-01,ST12,22.717769089384277,16.127624871741464,1,1,1
2022-10-01,ST12,20.45431946483461,14.21488932261866,1,1,0
2022-11-01,ST12,19.793657820859195,14.005065848061633,1,1,0
2022-12-01,ST12,14.200370089491148,9.6569908876794,1,0,0
2023-01-01,ST12,14.51210666458676,10.031677631025456,0,0,0
2023-02-01,ST12,15.90749605896986,10.76840099762671,0,0,0
2023-03-01,ST12,16.70152642823799,11.436797163917126,0,0,0
2023-04-01,ST12,16.782510655026794,11.527365396915114,0,0,0
2023-05-01,ST12,18.78437109356501,12.782077555757374,0,0,0
2023-06-01,ST12,17.84582628818249,12.022761008349855,0,0,0
2023-07-01,ST12,18.144476295040942,12.174345375451665,0,0,0
2023-08-01,ST12,18.707437967245337,12.312787017515012,0,0,0
2023-09-01,ST12,19.050459472145267,12.876195450183635,0,0,1
2023-10-01,ST12,15.442645045598391,10.796769738590145,0,0,0
2023-11-01,ST12,16.170426768979585,10.808515165917674,0,0,1
2023-12-01,ST12,15.102098500957498,10.14247747982572,0,0,0
2024-01-01,ST12,16.2212612348597,11.60175752968094,1,0,0
2024-02-01,ST12,15.955758183579817,10.877000423234179,1,0,0
2024-03-01,ST12,17.026533330060396,11.832094051851548,1,0,0
2024-04-01,ST12,19.21038079155874,13.434925498930605,1,0,0
2024-05-01,ST12,18.95196817859008,13.259491811426363,1,0,0
2024-06-01,ST12,19.9191063180245,13.335135996087624,1,0,0
2024-07-01,ST12,18.412404877218993,12.6547808964058,1,0,0
2024-08-01,ST12,18.45171270592875,12.328328023343722,1,0,0
2024-09-01,ST12,21.953866560439977,15.900535218101416,1,1,0
2024-10-01,ST12,20.98884971442385,14.030259435113464,1,1,0
2024-11-01,ST12,20.95696408787672,14.167262703890536,1,1,0
2024-12-01,ST12,16.550538879601994,11.19009924468278,1,0,1
2025-01-01,ST12,15.727060249754826,10.534281321743832,0,0,0
2025-02-01,ST12,16.324325669870305,11.576662066227298,0,0,0
2025-03-01,ST12,18.858881800547056,13.652712832619642,0,0,1
2025-04-01,ST12,19.09700972984138,13.06077670471305,0,0,0
2025-05-01,ST12,20.34228557242552,13.67515512458824,0,0,0
2025-06-01,ST12,18.514693382690236,12.212217173320818,0,0,0
2025-07-01,ST12,19.362793159800265,13.304490157938327,0,0,0
2025-08-01,ST12,19.206807293167216,13.178144280224979,0,0,0
2025-09-01,ST12,18.02463908782346,12.283667386653121,0,0,0
2025-10-01,ST12,18.35771758574816,12.731893752664414,0,0,1
2025-11-01,ST12,16.410282360574264,11.420647194676606,0,0,0
2025-12-01,ST12,15.88029173823063,11.035993575082482,0,0,0
2017-01-01,ST13,8.414945269040702,5.30598786872028,0,0,0
2017-02-01,ST13,9.050249287765892,5.655363537958685,0,0,0
2017-03-01,ST13,9.949585078271195,6.666325661099619,0,0,0
2017-04-01,ST13,11.363111212558877,7.162056632456618,0,0,1
2017-05-01,ST13,10.589458022036258,6.586064712273053,0,0,0
2017-06-01,ST13,11.051641403974296,7.122952732852733,0,0,0
2017-07-01,ST13,11.572222578886558,6.9854579392030764,0,0,0
2017-08-01,ST13,10.433685647284493,6.551295733711225,0,0,0
2017-09-01,ST13,9.657396073366035,6.293870774203011,0,0,0
2017-10-01,ST13,9.235688337694967,5.774704612776471,0,0,0
2017-11-01,ST13,8.887498457623144,5.376852285507874,0,0,0
2017-12-01,ST13,8.676935114737903,5.3949166141804925,0,0,0
2018-01-01,ST13,8.880065902000537,5.727177892927791,1,0,0
2018-02-01,ST13,8.933109698328444,5.6406339493622415,1,0,0
2018-03-01,ST13,9.660377045911716,5.952741539354514,1,0,0
2018-04-01,ST13,10.512251619306321,6.497908869223848,1,0,0
2018-05-01,ST13,10.958180677467539,6.790793452901473,1,0,0
2018-06-01,ST13,10.99900987631985,6.943055121515386,1,0,0
2018-07-01,ST13,10.985471100486118,7.069037089165977,1,0,0
2018-08-01,ST13,11.456551643285538,7.331135486322182,1,0,1
2018-09-01,ST13,14.50972834438673,9.176417699290154,1,1,0
2018-10-01,ST13,13.378337338750288,8.16112033521692,1,1,0
2018-11-01,ST13,12.906007691018697,7.873587961322446,1,1,0
2018-12-01,ST13,8.722289145025712,5.524699957721339,1,0,0
2019-01-01,ST13,9.196220332924991,5.608330637321087,0,0,0
2019-02-01,ST13,9.604613182280282,5.992211994313412,0,0,0
2019-03-01,ST13,10.380787837396575,6.545383591882823,0,0,0
2019-04-01,ST13,11.796618037482498,7.224924867041536,0,0,1
2019-05-01,ST13,11.398636272397823,6.99737020097541,0,0,0
2019-06-01,ST13,11.346227178027101,7.09747960401054,0,0,0
2019-07-01,ST13,11.314680029125503,7.162522768476912,0,0,0
2019-08-01,ST13,11.144869284487873,7.132958165876988,0,0,0
2019-09-01,ST13,10.003543960096957,6.345500841087281,0,0,0
2019-10-01,ST13,9.423231437892907,5.914392382411283,0,0,0
2019-11-01,ST13,9.218138155018105,5.690939531656721,0,0,0
2019-12-01,ST13,9.12856239253807,5.598485053981362,0,0,0
2020-01-01,ST13,8.966376209494548,5.561957723142621,1,0,0
2020-02-01,ST13,9.636001003533453,6.088551005264424,1,0,0
2020-03-01,ST13,10.259289474338747,6.472951242350471,1,0,0
2020-04-01,ST13,10.194876838448899,6.120957374827734,1,0,0
2020-05-01,ST13,11.313803654799067,6.979127333516947,1,0,0
2020-06-01,ST13,11.515981225268842,7.391117584280697,1,0,0
2020-07-01,ST13,11.365251442974742,7.13407270458357,1,0,0
2020-08-01,ST13,11.447263852556985,6.970868850128449,1,0,0
2020-09-01,ST13,14.347231895259862,9.41529784605582,1,1,0
2020-10-01,ST13,13.619438817866548,8.530583325527957,1,1,0
2020-11-01,ST13,12.50093653273835,7.894761993847831,1,1,0
2020-12-01,ST13,9.033875373300088,5.706916335708244,1,0,0
2021-01-01,ST13,9.23536235793885,5.745399410537436,0,0,0
2021-02-01,ST13,10.42320812983258,6.437338225428606,0,0,1
2021-03-01,ST13,10.806169395821355,7.059778974527619,0,0,0
2021-04-01,ST13,11.387805057954647,7.280118838765334,0,0,0
2021-05-01,ST13,11.603895671629815,7.391898591816548,0,0,0
2021-06-01,ST13,11.63058436744607,7.373088847475832,0,0,0
2021-07-01,ST13,11.965559216015341,7.348532959599654,0,0,0
2021-08-01,ST13,11.1547540643979,7.169486777224197,0,0,0
2021-09-01,ST13,10.284957838519595,6.3370580247521975,0,0,0
2021-10-01,ST13,9.41351513849042,5.933028749154924,0,0,0
2021-11-01,ST13,9.348058889033107,5.666490698626517,0,0,0
2021-12-01,ST13,10.24394006782416,6.15799590357262,0,0,1
2022-01-01,ST13,10.147659390199895,6.400188059441697,1,0,0
2022-02-01,ST13,9.99631289695903,6.1634742532806195,1,0,0
2022-03-01,ST13,10.384901950074475,6.24946163043088,1,0,0
2022-04-01,ST13,10.880678164129927,6.892827488411872,1,0,0
2022-05-01,ST13,11.95969045175294,7.813146879957547,1,0,0
2022-06-01,ST13,11.319387552939848,7.291196462183378,1,0,0
2022-07-01,ST13,11.990977066691244,7.476265925649097,1,0,0
2022-08-01,ST13,11.62014545387653,7.283822615017261,1,0,0
2022-09-01,ST13,15.349387899798758,9.790500786454087,1,1,0
2022-10-01,ST13,14.249091604545782,9.130552785589645,1,1,0
2022-11-01,ST13,13.827830081731005,8.606583701725999,1,1,0
2022-12-01,ST13,9.51443196332938,5.966925303493631,1,0,0
2023-01-01,ST13,9.42624001055259,5.943096148444119,0,0,0
2023-02-01,ST13,11.481050597028037,7.2750680838497415,0,0,1
2023-03-01,ST13,10.685337054471683,6.678851258095495,0,0,0
2023-04-01,ST13,12.611252085949891,7.8846946483300195,0,0,1
2023-05-01,ST13,11.08562037382528,7.139267493043681,0,0,0
2023-06-01,ST13,12.607877861294437,8.092704329342173,0,0,0
2023-07-01,ST13,12.512302314891249,7.916537377443446,0,0,0
2023-08-01,ST13,11.532769019559746,7.476280695202092,0,0,0
2023-09-01,ST13,11.066892625908993,6.882195513997323,0,0,0
2023-10-01,ST13,10.416366119344787,6.740005048146421,0,0,0
2023-11-01,ST13,9.590160717550335,6.075523532840898,0,0,0
2023-12-01,ST13,9.773604535507655,6.525995865626386,0,0,0
2024-01-01,ST13,9.566327687540044,5.8523857818098195,1,0,0
2024-02-01,ST13,10.110008624630332,6.248751654555198,1,0,0
2024-03-01,ST13,11.340460683090873,7.166781320029969,1,0,0
2024-04-01,ST13,11.983251291849175,7.569763967073862,1,0,0
2024-05-01,ST13,11.883647058295235,7.738155062896422,1,0,0
2024-06-01,ST13,12.062209661804884,7.4585304448191385,1,0,0
2024-07-01,ST13,12.873381268318568,8.21397445742243,1,0,1
2024-08-01,ST13,11.960221906843858,7.669934420649585,1,0,0
2024-09-01,ST13,15.361084173411594,9.762714952677484,1,1,0
2024-10-01,ST13,14.88144407195629,9.147189659890296,1,1,0
2024-11-01,ST13,14.320511606961356,9.227587535958575,1,1,0
2024-12-01,ST13,9.739806089872161,6.254173328928159,1,0,0
2025-01-01,ST13,10.258499086289316,6.506264945109607,0,0,0
2025-02-01,ST13,10.362707860988262,6.5210203139029135,0,0,0
2025-03-01,ST13,11.068451073493701,6.968147665642646,0,0,0
2025-04-01,ST13,11.476731576583294,7.181328091896079,0,0,0
2025-05-01,ST13,12.705175018550268,8.064585523565741,0,0,0
2025-06-01,ST13,12.236395992763294,7.673523840245728,0,0,0
2025-07-01,ST13,12.489988897866228,7.694839706011204,0,0,0
2025-08-01,ST13,11.858118094961185,7.275819758343045,0,0,0
2025-09-01,ST13,10.870555691107114,6.710285422395414,0,0,0
2025-10-01,ST13,10.371866279114373,6.529095571144789,0,0,0
2025-11-01,ST13,10.502320857052634,6.578426967988253,0,0,0
2025-12-01,ST13,9.975530613097321,6.278753245462346,0,0,0
2017-01-01,ST14,15.956608540635496,10.928446891802166,0,0,1
2017-02-01,ST14,14.641922960342878,9.918800259056356,0,0,0
2017-03-01,ST14,17.266921361418067,11.626159723593814,0,0,1
2017-04-01,ST14,17.74212994524976,12.605310172137361,0,0,0
2017-05-01,ST14,17.673433256720674,11.779622950874039,0,0,0
2017-06-01,ST14,17.959223197559602,12.241459878468884,0,0,0
2017-07-01,ST14,17.36319404898594,11.588559314058939,0,0,0
2017-08-01,ST14,16.590430675397794,11.642932312105895,0,0,0
2017-09-01,ST14,14.920542360795032,10.289292231264726,0,0,0
2017-10-01,ST14,15.476470903735718,10.344394141869394,0,0,0
2017-11-01,ST14,14.558022958944271,9.965465871735189,0,0,0
2017-12-01,ST14,14.058794145078386,9.575162883802735,0,0,0
2018-01-01,ST14,14.361804745702377,9.630833152232022,1,0,0
2018-02-01,ST14,15.492357726348486,10.656606977717605,1,0,0
2018-03-01,ST14,17.14330428591649,11.706536713890419,1,0,1
2018-04-01,ST14,16.85562367883357,11.470434322878834,1,0,0
2018-05-01,ST14,17.294651362094356,11.708818642850588,1,0,0
2018-06-01,ST14,21.1288101302857,14.440047294313214,1,0,1
2018-07-01,ST14,18.446616934131647,12.556544468849385,1,0,0
2018-08-01,ST14,16.14988491161099,10.9558969141262,1,0,0
2018-09-01,ST14,22.346732003470702,14.947747708231542,1,1,1
2018-10-01,ST14,20.02612931771908,14.029129267532207,1,1,0
2018-11-01,ST14,18.977015361307586,12.58845423822235,1,1,0
2018-12-01,ST14,13.892001497862863,9.493556922149551,1,0,0
2019-01-01,ST14,15.620357096187153,10.516372642367187,0,0,0
2019-02-01,ST14,15.657715846886315,10.982833565835408,0,0,0
2019-03-01,ST14,16.769372245179593,11.157400407175405,0,0,0
2019-04-01,ST14,17.194677842604925,11.47957304236741,0,0,0
2019-05-01,ST14,20.69202303394932,13.748711028230613,0,0,1
2019-06-01,ST14,18.411010944756587,12.555780052370467,0,0,0
2019-07-01,ST14,18.234611232766703,12.016252869631106,0,0,0
2019-08-01,ST14,18.016831111479874,12.09114625940251,0,0,0
2019-09-01,ST14,15.905276083344344,10.313289456959575,0,0,0
2019-10-01,ST14,16.50324197694542,11.236163927490868,0,0,0
2019-11-01,ST14,15.123297153832965,10.144842885912235,0,0,0
2019-12-01,ST14,15.367501600063582,10.102932809413163,0,0,0
2020-01-01,ST14,14.610265799912924,10.11468172413145,1,0,0
2020-02-01,ST14,15.427493613607119,10.180086909693305,1,0,0
2020-03-01,ST14,16.321679207455816,11.235643391006988,1,0,0
2020-04-01,ST14,18.09400215219451,12.08837472137614,1,0,0
2020-05-01,ST14,18.77511914462444,13.129287387719847,1,0,0
2020-06-01,ST14,18.780774729534375,12.916392381896507,1,0,0
2020-07-01,ST14,18.23528324535292,12.10689523191339,1,0,0
2020-08-01,ST14,17.404983969262197,11.577093014515368,1,0,0
2020-09-01,ST14,22.288159144796538,15.285078118421929,1,1,0
2020-10-01,ST14,20.78788900981326,14.011703274735344,1,1,0
2020-11-01,ST14,19.75139904245918,13.337978309292723,1,1,0
2020-12-01,ST14,15.833090491469305,11.001287180907548,1,0,0
2021-01-01,ST14,15.397309058802934,10.276805795384986,0,0,0
2021-02-01,ST14,16.839648412837786,11.431172930142836,0,0,0
2021-03-01,ST14,17.011873678977334,11.747117392775591,0,0,0
2021-04-01,ST14,20.47144907708012,14.095671277643884,0,0,1
2021-05-01,ST14,19.122653828985147,12.915912614075655,0,0,0
2021-06-01,ST14,18.477187923086063,12.44757419924322,0,0,0
2021-07-01,ST14,20.047698980618414,13.111670776109552,0,0,0
2021-08-01,ST14,18.41741294494976,12.215786604604764,0,0,0
2021-09-01,ST14,17.86845109745099,12.184533468348057,0,0,0
2021-10-01,ST14,16.086716393122753,10.870102814505731,0,0,0
2021-11-01,ST14,15.63944252318587,10.61297447923658,0,0,0
2021-12-01,ST14,15.060727912802099,10.417075297416945,0,0,0
2022-01-01,ST14,18.05744523072311,11.944953333449739,1,0,1
2022-02-01,ST14,16.731102725869956,11.283239317996532,1,0,0
2022-03-01,ST14,17.860270342716465,12.147575188680248,1,0,0
2022-04-01,ST14,19.52336032598181,13.042485655006443,1,0,0
2022-05-01,ST14,20.24996141424159,14.113954840278925,1,0,0
2022-06-01,ST14,20.34798307003499,14.038087176494777,1,0,0
2022-07-01,ST14,20.918328946015656,14.256249951806288,1,0,1
2022-08-01,ST14,20.53302583714696,14.41218657145367,1,0,1
2022-09-01,ST14,22.759960448998186,14.959554483000932,1,1,0
2022-10-01,ST14,22.30533324184676,15.1114845533074,1,1,0
2022-11-01,ST14,21.0322315580848,14.355596647062397,1,1,0
2022-12-01,ST14,15.135979257006365,10.068361077843402,1,0,0
2023-01-01,ST14,16.020373329517568,10.920494711669189,0,0,0
2023-02-01,ST14,16.17200048922524,10.715431542620426,0,0,0
2023-03-01,ST14,18.01426443483044,12.374826700288255,0,0,0
2023-04-01,ST14,18.20749173496429,12.598186727258105,0,0,0
2023-05-01,ST14,22.457603155262554,15.29987817697164,0,0,1
2023-06-01,ST14,20.544181018842803,13.404648016080039,0,0,0
2023-07-01,ST14,23.365428535056484,15.525999617160927,0,0,1
2023-08-01,ST14,19.782980356889105,13.556100086983164,0,0,0
2023-09-01,ST14,18.000372089927726,12.202002314459623,0,0,0
2023-10-01,ST14,17.588661566944726,11.275726206986066,0,0,0
2023-11-01,ST14,15.705969185990055,10.906700235885275,0,0,0
2023-12-01,ST14,15.661237398927252,10.640865833544984,0,0,0
2024-01-01,ST14,16.61409093128455,11.073089363633365,1,0,0
2024-02-01,ST14,16.1663616949666,11.172105680718744,1,0,0
2024-03-01,ST14,18.39979756542056,12.298532698125346,1,0,0
2024-04-01,ST14,18.96022448611543,12.67032153839241,1,0,0
2024-05-01,ST14,20.466059881011137,13.966940445035164,1,0,0
2024-06-01,ST14,22.299590728582107,15.648156261458627,1,0,1
2024-07-01,ST14,20.734040063317995,14.505330835088001,1,0,0
2024-08-01,ST14,19.703609754413673,13.446973743172034,1,0,0
2024-09-01,ST14,25.064099883442513,17.1401815227604,1,1,0
2024-10-01,ST14,24.754869613429868,17.039121468506266,1,1,1
2024-11-01,ST14,21.44653752149791,14.166583099039116,1,1,0
2024-12-01,ST14,16.3370038550902,11.212364552913277,1,0,0
2025-01-01,ST14,16.110771831826796,10.756191555920756,0,0,0
2025-02-01,ST14,17.855146356489662,12.175489693783376,0,0,0
2025-03-01,ST14,21.155051896969024,14.26919125001208,0,0,1
2025-04-01,ST14,21.437280591584454,14.671245621032222,0,0,0
2025-05-01,ST14,20.432143695949264,13.877271614505784,0,0,0
2025-06-01,ST14,20.988998674183478,13.347802040340202,0,0,0
2025-07-01,ST14,20.529142931268744,13.960064003154173,0,0,0
2025-08-01,ST14,20.219979364994956,13.87677014441871,0,0,0
2025-09-01,ST14,19.203682567028753,13.128229593741017,0,0,0
2025-10-01,ST14,19.77361647896138,13.370870153481068,0,0,1
2025-11-01,ST14,17.625803639091348,12.335275872203923,0,0,0
2025-12-01,ST14,18.288776040996147,12.469422440486733,0,0,1
2017-01-01,ST15,10.972397964066216,7.0167712240815545,0,0,0
2017-02-01,ST15,11.03340958164698,6.73425445728858,0,0,0
2017-03-01,ST15,11.505896874894903,6.821178274882594,0,0,0
2017-04-01,ST15,12.220728642590604,7.8388312370295115,0,0,0
2017-05-01,ST15,12.74108753245063,8.039021860206896,0,0,0
2017-06-01,ST15,12.928050228817199,8.35925774013914,0,0,0
2017-07-01,ST15,12.54248659279482,7.789307820276087,0,0,0
2017-08-01,ST15,11.984954671943353,7.62958497437868,0,0,0
2017-09-01,ST15,11.79296434520127,7.581313764014989,0,0,0
2017-10-01,ST15,10.973392946790405,6.874957705498056,0,0,0
2017-11-01,ST15,11.025001755326253,6.910271180745814,0,0,0
2017-12-01,ST15,10.591576017680083,6.699049353643887,0,0,0
2018-01-01,ST15,10.796832624402741,6.89950310805777,1,0,0
2018-02-01,ST15,11.007140051034831,6.95637820822967,1,0,0
2018-03-01,ST15,11.95603266043893,7.705467390542743,1,0,0
2018-04-01,ST15,13.946521235533165,8.735105208723702,1,0,1
2018-05-01,ST15,13.582838274032541,8.358520393895844,1,0,0
2018-06-01,ST15,14.607563392367114,9.599574732599123,1,0,1
2018-07-01,ST15,13.779751372648029,8.60579115517467,1,0,0
2018-08-01,ST15,12.843884516065861,8.02719662155182,1,0,0
2018-09-01,ST15,18.578567846571552,11.72933826032172,1,1,0
2018-10-01,ST15,17.056923970470855,10.7973471483978,1,1,0
2018-11-01,ST15,15.857306412442426,9.946971805183098,1,1,0
2018-12-01,ST15,10.827278796323055,6.842283735000324,1,0,0
2019-01-01,ST15,11.195962845043834,7.072112422052638,0,0,0
2019-02-01,ST15,11.714910239543576,7.43169697930439,0,0,0
2019-03-01,ST15,12.429541525032802,7.487088682594279,0,0,0
2019-04-01,ST15,12.898461172071931,8.460741268080167,0,0,0
2019-05-01,ST15,13.270988125274531,8.36479414480807,0,0,0
2019-06-01,ST15,14.05263755470629,8.98680310664204,0,0,0
2019-07-01,ST15,14.96572579538398,9.200107633378135,0,0,1
2019-08-01,ST15,12.91078946795515,8.084917027881334,0,0,0
2019-09-01,ST15,12.824406312040017,7.998180599671394,0,0,0
2019-10-01,ST15,11.378573450610794,7.404621529212789,0,0,0
2019-11-01,ST15,10.96708651379798,6.8518229005045725,0,0,0
2019-12-01,ST15,12.439024291412059,7.982790143510401,0,0,1
2020-01-01,ST15,11.495420929926281,7.172516337100317,1,0,0
2020-02-01,ST15,11.647691800499256,7.296654541149786,1,0,0
2020-03-01,ST15,12.656750822018951,7.961911925643191,1,0,0
2020-04-01,ST15,13.38760564829621,8.680539182922368,1,0,0
2020-05-01,ST15,12.757970009787865,7.760352961748771,1,0,0
2020-06-01,ST15,13.746958678700183,8.461728624900944,1,0,0
2020-07-01,ST15,13.932366681477854,8.46458859626541,1,0,0
2020-08-01,ST15,13.279106788489022,8.21205626419545,1,0,0
2020-09-01,ST15,19.211200937204417,11.947593028632742,1,1,0
2020-10-01,ST15,18.40732119080109,11.26079889798903,1,1,0
2020-11-01,ST15,17.082174734715164,10.640263196798225,1,1,0
2020-12-01,ST15,10.867764229556853,6.59343155188405,1,0,0
2021-01-01,ST15,12.51756707667593,7.752106882663413,0,0,1
2021-02-01,ST15,12.919488594881692,8.363384440822255,0,0,1
2021-03-01,ST15,12.763009538943606,8.133505376995085,0,0,0
2021-04-01,ST15,13.497484800906275,8.564683934582757,0,0,0
2021-05-01,ST15,15.161593888195032,9.392463648746828,0,0,0
2021-06-01,ST15,13.468082707325912,8.252536998689694,0,0,0
2021-07-01,ST15,14.090567661313848,8.704677073208384,0,0,0
2021-08-01,ST15,14.857846748709573,9.384553434891368,0,0,1
2021-09-01,ST15,13.73933784884598,8.836396307971537,0,0,1
2021-10-01,ST15,12.533619239682034,8.066361645782035,0,0,0
2021-11-01,ST15,11.938747890713271,7.642495156057958,0,0,0
2021-12-01,ST15,11.449012257655465,7.13094649096685,0,0,0
2022-01-01,ST15,12.577521756570489,7.9550236859022485,1,0,1
2022-02-01,ST15,12.24889552540581,7.693606889922021,1,0,0
2022-03-01,ST15,13.05635389949135,8.220610871303792,1,0,0
2022-04-01,ST15,13.874925300221573,9.128663169883694,1,0,0
2022-05-01,ST15,14.427332021671237,8.799105568687578,1,0,0
2022-06-01,ST15,14.85776453783004,9.348533980672263,1,0,0
2022-07-01,ST15,14.888659826043858,9.64025286179456,1,0,0
2022-08-01,ST15,13.487728887680314,8.276545276719585,1,0,0
2022-09-01,ST15,19.52727335075374,12.185602144327865,1,1,0
2022-10-01,ST15,19.1676093374256,11.988960000639926,1,1,1
2022-11-01,ST15,18.24283421899135,11.481052770566324,1,1,0
2022-12-01,ST15,11.794897677594854,7.218368098813791,1,0,0
2023-01-01,ST15,12.12236345644974,7.754620830576752,0,0,0
2023-02-01,ST15,12.010058824999932,7.693561443484421,0,0,0
2023-03-01,ST15,14.088058997690267,8.996586737782286,0,0,0
2023-04-01,ST15,13.93923066654504,8.65855612736815,0,0,0
2023-05-01,ST15,14.886914510100736,9.42732942787527,0,0,0
2023-06-01,ST15,15.43934910075987,9.584702583860608,0,0,0
2023-07-01,ST15,14.422596133880013,9.056869465076867,0,0,0
2023-08-01,ST15,14.061258220333913,9.271939440379391,0,0,0
2023-09-01,ST15,13.581863756465719,8.602466493953944,0,0,0
2023-10-01,ST15,13.810624038820572,8.523291235725642,0,0,0
2023-11-01,ST15,12.256046557826892,7.7758374272689075,0,0,0
2023-12-01,ST15,13.522573573149607,8.317434240966346,0,0,1
2024-01-01,ST15,12.62813005122834,7.791676007194405,1,0,0
2024-02-01,ST15,14.017477083535214,8.676898392411774,1,0,1
2024-03-01,ST15,14.381613736478904,9.010821015295337,1,0,1
2024-04-01,ST15,14.950185282684766,9.628150815731942,1,0,0
2024-05-01,ST15,15.69864638992454,10.03900080608197,1,0,1
2024-06-01,ST15,16.098651458111213,10.283520045597708,1,0,0
2024-07-01,ST15,15.256673677292005,9.432818502492154,1,0,0
2024-08-01,ST15,13.426783640842263,8.396103283253025,1,0,0
2024-09-01,ST15,20.630900859565948,13.113166505171318,1,1,0
2024-10-01,ST15,19.812415556215665,12.367403912614856,1,1,0
2024-11-01,ST15,18.58670236169788,11.684521813470958,1,1,0
2024-12-01,ST15,12.451548247596186,7.94096611229255,1,0,0
2025-01-01,ST15,12.11621171936497,7.6060653508599625,0,0,0
2025-02-01,ST15,12.552363382645668,7.971091998476498,0,0,0
2025-03-01,ST15,13.89113397679466,9.061276995978702,0,0,0
2025-04-01,ST15,16.029306285110533,10.098401287451935,0,0,1
2025-05-01,ST15,15.257038934740349,9.872522396555365,0,0,0
2025-06-01,ST15,16.245231629442518,10.384623917765442,0,0,0
2025-07-01,ST15,16.366466008385864,10.042760263803844,0,0,1
2025-08-01,ST15,15.017232527643012,9.28416810197022,0,0,0
2025-09-01,ST15,14.086878478212586,8.756820052466466,0,0,0
2025-10-01,ST15,12.618069616784279,7.840376677597409,0,0,0
2025-11-01,ST15,12.138126535674875,7.659491170504177,0,0,0
2025-12-01,ST15,12.43605501811869,7.958331626976935,0,0,0
2017-01-01,ST16,5.6196637403471446,3.786410737916948,0,0,0
2017-02-01,ST16,6.112946036042235,4.076763899141803,0,0,0
2017-03-01,ST16,6.612194521184342,4.531542184531409,0,0,0
2017-04-01,ST16,6.603766379095876,4.482634411750221,0,0,0
2017-05-01,ST16,6.86426400375337,4.511435644265674,0,0,0
2017-06-01,ST16,7.656413581000271,5.145448086707155,0,0,0
2017-07-01,ST16,7.279298975584692,4.916156586629087,0,0,0
2017-08-01,ST16,6.84656941007129,4.584302096270225,0,0,0
2017-09-01,ST16,6.373666384286924,4.43945118683571,0,0,0
2017-10-01,ST16,6.789912687766231,4.637339896631008,0,0,1
2017-11-01,ST16,6.368009034584493,4.4261574122158285,0,0,1
2017-12-01,ST16,5.967051153449678,4.057874577461762,0,0,0
2018-01-01,ST16,6.472777827248908,4.385850599416286,1,0,1
2018-02-01,ST16,6.444285925437619,4.277787815840833,1,0,0
2018-03-01,ST16,6.573982104191049,4.4482471168102204,1,0,0
2018-04-01,ST16,6.848949300617379,4.63440627676185,1,0,0
2018-05-01,ST16,7.286591063265934,4.7944767636823915,1,0,0
2018-06-01,ST16,6.915555006659242,4.627773331868768,1,0,0
2018-07-01,ST16,7.389648828300988,4.9666489946488825,1,0,0
2018-08-01,ST16,7.10205728845017,4.844150444819633,1,0,0
2018-09-01,ST16,9.491063177507547,6.479783687282968,1,1,0
2018-10-01,ST16,8.425551246332482,5.633473511204082,1,1,0
2018-11-01,ST16,8.60674404727721,5.876912751428049,1,1,0
2018-12-01,ST16,6.130230680478826,4.131894226759445,1,0,0
2019-01-01,ST16,6.336042312056006,4.040227197066701,0,0,0
2019-02-01,ST16,6.410970901853388,4.294869580191178,0,0,0
2019-03-01,ST16,7.0553466681505626,4.875817316460979,0,0,0
2019-04-01,ST16,6.953866401969313,4.545941220629651,0,0,0
2019-05-01,ST16,7.75663191687243,5.259054688640693,0,0,0
2019-06-01,ST16,7.544137973606518,5.265286827343415,0,0,0
2019-07-01,ST16,7.251722274504306,4.831039395666984,0,0,0
2019-08-01,ST16,7.095557470113897,4.80022915533066,0,0,0
2019-09-01,ST16,6.944794175637324,4.575507805701992,0,0,0
2019-10-01,ST16,7.1272794985655175,4.978395571745304,0,0,1
2019-11-01,ST16,6.321403675550885,4.2691939465340205,0,0,0
2019-12-01,ST16,5.8191156274822795,3.9402028055609524,0,0,0
2020-01-01,ST16,5.878994914289751,4.0847612738679535,1,0,0
2020-02-01,ST16,6.874506322052838,4.71200944913697,1,0,0
2020-03-01,ST16,7.231092407326526,4.8060434665597125,1,0,0
2020-04-01,ST16,8.098168407598882,5.4073526436474,1,0,1
2020-05-01,ST16,7.806673638303503,5.3333561684857465,1,0,0
2020-06-01,ST16,8.18192284642929,5.4658410419830865,1,0,0
2020-07-01,ST16,7.9415412280623885,5.14482631807825,1,0,0
2020-08-01,ST16,8.443211587129161,5.705605825761573,1,0,1
2020-09-01,ST16,10.092015989561936,6.624965125913807,1,1,0
2020-10-01,ST16,9.139590735881427,6.38263843300929,1,1,0
2020-11-01,ST16,8.878961344278585,6.027702328729661,1,1,0
2020-12-01,ST16,6.31945637038483,4.197611233823707,1,0,0
2021-01-01,ST16,6.399974686607944,4.268978824428686,0,0,0
2021-02-01,ST16,6.704865473596501,4.364330601829495,0,0,0
2021-03-01,ST16,7.249141264709722,4.7960861887285615,0,0,0
2021-04-01,ST16,7.692319953697488,5.309495696832743,0,0,0
2021-05-01,ST16,7.768301252868857,5.4896886551006,0,0,0
2021-06-01,ST16,8.351572283136596,5.731773685211987,0,0,0
2021-07-01,ST16,7.820127542783323,5.280443624764783,0,0,0
2021-08-01,ST16,7.701868827269375,5.16517032933394,0,0,0
2021-09-01,ST16,7.264959947939296,4.820604428592522,0,0,0
2021-10-01,ST16,7.767769714974932,5.471234516780562,0,0,1
2021-11-01,ST16,6.177597782864726,4.163263106539259,0,0,0
2021-12-01,ST16,6.6663263831026836,4.700470608332708,0,0,0
2022-01-01,ST16,6.491262639423396,4.513612992729385,1,0,0
2022-02-01,ST16,7.220676498932065,4.71459961474325,1,0,0
2022-03-01,ST16,7.319921365974058,4.8858478902529505,1,0,0
2022-04-01,ST16,8.778227979840773,5.85886047328274,1,0,1
2022-05-01,ST16,8.70649555032775,5.880389230251773,1,0,0
2022-06-01,ST16,8.302048959569424,5.60941889692653,1,0,0
2022-07-01,ST16,8.576630595684795,6.149623583778144,1,0,0
2022-08-01,ST16,7.966658199339739,5.273197288642793,1,0,0
2022-09-01,ST16,10.484796539096145,7.125265591015952,1,1,0
2022-10-01,ST16,9.803346863508152,6.713566961891241,1,1,0
2022-11-01,ST16,9.523209741472316,6.442085390637416,1,1,0
2022-12-01,ST16,6.525715671931039,4.42426256630176,1,0,0
2023-01-01,ST16,6.5981728384293845,4.370279527311131,0,0,0
2023-02-01,ST16,7.0103528692266295,4.752483359768773,0,0,0
2023-03-01,ST16,7.642370568167782,5.222810484135434,0,0,0
2023-04-01,ST16,8.040194086587205,5.474690041008593,0,0,0
2023-05-01,ST16,8.626950172663564,5.902537385427662,0,0,0
2023-06-01,ST16,8.924153451629424,6.207595951724554,0,0,0
2023-07-01,ST16,8.234166462401237,5.674655458359501,0,0,0
2023-08-01,ST16,7.982333623592171,5.407611382447746,0,0,0
2023-09-01,ST16,7.383673584203706,4.877871466139786,0,0,0
2023-10-01,ST16,7.711020804408528,5.153776195666937,0,0,0
2023-11-01,ST16,7.7992425800746,5.2528780264702375,0,0,1
2023-12-01,ST16,6.931041128734124,4.712393992610447,0,0,0
2024-01-01,ST16,6.691624748795676,4.4834632485299055,1,0,0
2024-02-01,ST16,7.3285551352118,4.86486116420413,1,0,0
2024-03-01,ST16,7.932060716029987,5.238387754441349,1,0,0
2024-04-01,ST16,8.235598646217477,5.387258942040296,1,0,0
2024-05-01,ST16,8.939628265939087,6.019087773439816,1,0,0
2024-06-01,ST16,9.414923592826947,6.181827226050794,1,0,0
2024-07-01,ST16,8.44862652274877,5.600983727036549,1,0,0
2024-08-01,ST16,8.110214667821644,5.443198791309268,1,0,0
2024-09-01,ST16,10.71626855813815,7.0556805249038845,1,1,0
2024-10-01,ST16,10.648941362709731,7.258539431024354,1,1,0
2024-11-01,ST16,10.864035579908176,7.458136527637752,1,1,1
2024-12-01,ST16,6.974168958087613,4.666062701473342,1,0,0
2025-01-01,ST16,7.152831384186193,4.796474190392792,0,0,0
2025-02-01,ST16,7.326373644643728,5.009437846372088,0,0,0
2025-03-01,ST16,9.133603847403409,6.090494631680662,0,0,1
2025-04-01,ST16,8.406324332773444,5.597710134670448,0,0,0
2025-05-01,ST16,8.804117123880783,6.098357052518908,0,0,0
2025-06-01,ST16,9.185350854256903,6.323614314878089,0,0,0
2025-07-01,ST16,8.858637330697757,6.064814475136335,0,0,0
2025-08-01,ST16,8.511053390638864,5.864171025391553,0,0,0
2025-09-01,ST16,8.104960035754086,5.266043253332022,0,0,0
2025-10-01,ST16,8.684727603890195,6.034146711544652,0,0,1
2025-11-01,ST16,7.649255761491366,5.215165449228268,0,0,0
2025-12-01,ST16,7.2985737551077925,5.037171703872952,0,0,0
2017-01-01,ST17,9.692308116398221,6.2759586953250635,0,0,0
2017-02-01,ST17,10.772769743158133,6.720687801249869,0,0,0
2017-03-01,ST17,11.514927424720767,7.0533227629802,0,0,0
2017-04-01,ST17,12.022912805122713,7.6031167228053835,0,0,0
2017-05-01,ST17,12.849465209919472,8.342106994211115,0,0,0
2017-06-01,ST17,12.70398668395476,8.065166128738472,0,0,0
2017-07-01,ST17,12.550138263667588,7.910215869216884,0,0,0
2017-08-01,ST17,12.04519635349505,7.4897131231869265,0,0,0
2017-09-01,ST17,10.656882901796614,6.980930642722978,0,0,0
2017-10-01,ST17,11.704202175646195,7.254091783411096,0,0,1
2017-11-01,ST17,10.998471326955983,6.859036086487818,0,0,1
2017-12-01,ST17,9.681905629122685,6.1967174650114085,0,0,0
2018-01-01,ST17,10.682527146372355,6.509139686396497,1,0,0
2018-02-01,ST17,10.926976649378695,7.091038114883232,1,0,0
2018-03-01,ST17,11.462465030839237,7.344187240015305,1,0,0
2018-04-01,ST17,11.977444408730939,7.7158359997098325,1,0,0
2018-05-01,ST17,12.825440530484437,8.206742079923886,1,0,0
2018-06-01,ST17,13.306041762160953,8.393145045217869,1,0,0
2018-07-01,ST17,13.693522668491244,8.48122940136296,1,0,1
2018-08-01,ST17,12.273284057243933,7.744974738889128,1,0,0
2018-09-01,ST17,18.562353377985623,11.517445023713082,1,1,1
2018-10-01,ST17,15.491417643226661,9.898538218565129,1,1,0
2018-11-01,ST17,15.382895837433493,9.891618814315825,1,1,0
2018-12-01,ST17,10.134090988279901,6.602433207698879,1,0,0
2019-01-01,ST17,10.431085784091282,6.65004081917014,0,0,0
2019-02-01,ST17,10.841070887658303,6.987264815112487,0,0,0
2019-03-01,ST17,11.77920144509138,7.409771063978981,0,0,0
2019-04-01,ST17,13.176309670702073,8.2584233305093,0,0,0
2019-05-01,ST17,12.871036724485817,8.222162057923631,0,0,0
2019-06-01,ST17,13.326321676330561,8.367929218785104,0,0,0
2019-07-01,ST17,13.825448924386489,8.796070385146756,0,0,0
2019-08-01,ST17,12.341522651588413,7.644159367670626,0,0,0
2019-09-01,ST17,12.505435930519543,7.774105052408514,0,0,0
2019-10-01,ST17,11.170195213738253,7.1585109011397865,0,0,0
2019-11-01,ST17,12.280931225073411,7.909392087923155,0,0,1
2019-12-01,ST17,10.729543993945336,6.655980800760118,0,0,0
2020-01-01,ST17,10.802976182314273,6.927989022587387,1,0,0
2020-02-01,ST17,11.227114048710582,7.029001410903799,1,0,0
2020-03-01,ST17,11.764358683494752,7.4471345900613235,1,0,0
2020-04-01,ST17,12.759872300222069,8.30348097174261,1,0,0
2020-05-01,ST17,13.639760164791097,8.770857466051542,1,0,0
2020-06-01,ST17,13.494400493641933,8.67540219544314,1,0,0
2020-07-01,ST17,13.203053319501732,8.67406931770169,1,0,0
2020-08-01,ST17,12.72563131356793,7.939619385355818,1,0,0
2020-09-01,ST17,18.24606745755898,11.318741281825636,1,1,0
2020-10-01,ST17,17.261393031391368,10.765530598144075,1,1,0
2020-11-01,ST17,15.865355413962583,9.988751283918907,1,1,0
2020-12-01,ST17,11.555729017725541,6.968292613342386,1,0,1
2021-01-01,ST17,11.060029464116246,6.969930452699256,0,0,0
2021-02-01,ST17,12.018440178497661,7.522629707358622,0,0,0
2021-03-01,ST17,12.66788261498029,8.142100970658708,0,0,0
2021-04-01,ST17,13.79012633756189,8.788124289535462,0,0,1
2021-05-01,ST17,13.459562123779024,8.415101499701946,0,0,0
2021-06-01,ST17,13.40375593819089,8.582196567301528,0,0,0
2021-07-01,ST17,13.505257683481844,8.669971343039387,0,0,0
2021-08-01,ST17,13.725938152305867,8.55248467528168,0,0,0
2021-09-01,ST17,11.847680637311713,7.423476514356032,0,0,0
2021-10-01,ST17,11.087554749377194,6.704104485573443,0,0,0
2021-11-01,ST17,10.851646610721026,6.7173046856293945,0,0,0
2021-12-01,ST17,11.041882867888937,6.883722792622875,0,0,0
2022-01-01,ST17,11.374749429449972,7.208803167458709,1,0,0
2022-02-01,ST17,11.888365759198622,7.380905637137607,1,0,0
2022-03-01,ST17,12.945929639522642,8.108266327168826,1,0,0
2022-04-01,ST17,12.575655878453945,7.763053535968049,1,0,0
2022-05-01,ST17,15.702815996742457,9.971003938499358,1,0,1
2022-06-01,ST17,13.945903125475809,8.900334074876008,1,0,0
2022-07-01,ST17,15.56614044004875,9.929776310923206,1,0,1
2022-08-01,ST17,12.838342451134885,8.126319945395027,1,0,0
2022-09-01,ST17,18.648841093035372,11.437556295583287,1,1,0
2022-10-01,ST17,17.642298543422946,11.02590542049776,1,1,0
2022-11-01,ST17,17.15985316095253,10.770574398027055,1,1,0
2022-12-01,ST17,11.737954991303587,7.368055094317822,1,0,1
2023-01-01,ST17,11.408529683651588,7.230329252893241,0,0,0
2023-02-01,ST17,11.586990558615119,7.541489455874637,0,0,0
2023-03-01,ST17,12.956459508207473,8.33222629819691,0,0,0
2023-04-01,ST17,13.867452337745382,8.602228656680623,0,0,0
2023-05-01,ST17,14.682639437885678,9.417478911440952,0,0,0
2023-06-01,ST17,14.136112473079447,9.060118642960058,0,0,0
2023-07-01,ST17,14.578782311009189,9.076959444479781,0,0,0
2023-08-01,ST17,14.199641182953705,9.138317525155037,0,0,0
2023-09-01,ST17,12.256390665521382,7.731165137018866,0,0,0
2023-10-01,ST17,12.361617212437828,7.602041019994244,0,0,0
2023-11-01,ST17,11.923991857569455,7.614391962227157,0,0,0
2023-12-01,ST17,12.430213143647569,7.900173193362511,0,0,1
2024-01-01,ST17,11.206823017391203,7.059566304281889,1,0,0
2024-02-01,ST17,12.565150454000893,7.945474990302887,1,0,0
2024-03-01,ST17,12.552385057567344,7.829113957550703,1,0,0
2024-04-01,ST17,13.751026053344408,8.808057981481094,1,0,0
2024-05-01,ST17,15.817153394854282,10.000653080903355,1,0,1
2024-06-01,ST17,14.970312567100498,9.504993635063602,1,0,0
2024-07-01,ST17,14.197071035664372,9.048309167193919,1,0,0
2024-08-01,ST17,13.630366465260897,8.426339121301481,1,0,0
2024-09-01,ST17,19.44767908430821,12.086691533950551,1,1,0
2024-10-01,ST17,18.64777970082169,11.279043403993366,1,1,0
2024-11-01,ST17,18.259789656603328,11.685604163482996,1,1,0
2024-12-01,ST17,11.102834178666445,6.855712581800744,1,0,0
2025-01-01,ST17,11.97265703842026,7.5965799210057705,0,0,0
2025-02-01,ST17,12.055818318847036,7.685723717615635,0,0,0
2025-03-01,ST17,14.985815860414434,9.59751291370893,0,0,1
2025-04-01,ST17,13.701552730693356,8.46177476802593,0,0,0
2025-05-01,ST17,14.408800381361365,9.106239661276907,0,0,0
2025-06-01,ST17,14.68051664010798,9.60040956378381,0,0,0
2025-07-01,ST17,14.720199083247781,9.634563870903214,0,0,0
2025-08-01,ST17,14.327270118552203,9.245560890250408,0,0,0
2025-09-01,ST17,13.60256509355374,8.666026226158495,0,0,0
2025-10-01,ST17,12.621549535415554,7.826563222628003,0,0,0
2025-11-01,ST17,11.572256573840262,7.4283626729640595,0,0,0
2025-12-01,ST17,13.276201683301894,8.374843881038935,0,0,1
